1, 14, 0.5933254957199097, 1.1288564205169678
1, 7, 0.4617443084716797, 1.4114142656326294
1, 0, 0.5786474943161011, 1.1377921104431152
1, 22, 0.4698469340801239, 1.3591927289962769
1, 4, 0.47123798727989197, 1.3772388696670532
1, 3, 0.4824088215827942, 1.3294181823730469
1, 23, 0.6454024314880371, 1.002227783203125
1, 11, 0.5045034289360046, 1.3038893938064575
1, 1, 0.5194200873374939, 1.2592464685440063
1, 9, 0.5279078483581543, 1.293110728263855
1, 12, 0.6095265746116638, 1.1259652376174927
1, 6, 0.4908812642097473, 1.332653522491455
1, 21, 0.4998438358306885, 1.319469690322876
1, 2, 0.49216657876968384, 1.3520439863204956
1, 19, 0.5153211355209351, 1.2981102466583252
1, 17, 0.40478843450546265, 1.498318076133728
1, 5, 0.5090270638465881, 1.26833176612854
1, 10, 0.5902852416038513, 1.123464584350586
1, 20, 0.49913862347602844, 1.2795753479003906
1, 15, 0.47547435760498047, 1.3420655727386475
1, 13, 0.5891478061676025, 1.148667573928833
1, 8, 0.5560295581817627, 1.1729588508605957
1, 16, 0.5658436417579651, 1.1451051235198975
1, 18, 0.5465869903564453, 1.1920608282089233
2, 8, 0.7073816657066345, 0.7889876961708069
2, 23, 0.7492647767066956, 0.7269123792648315
2, 11, 0.6802317500114441, 0.8557348251342773
2, 12, 0.7277171015739441, 0.8080675601959229
2, 0, 0.7169250845909119, 0.7712138891220093
2, 2, 0.6864234209060669, 0.8566907644271851
2, 21, 0.693164050579071, 0.8379343152046204
2, 17, 0.6290649771690369, 1.0167505741119385
2, 19, 0.6717283725738525, 0.8822624683380127
2, 3, 0.6915410757064819, 0.885600745677948
2, 13, 0.7108588218688965, 0.8644072413444519
2, 4, 0.6202601194381714, 1.053441047668457
2, 7, 0.668450653553009, 0.9116332530975342
2, 20, 0.6671502590179443, 0.8645892143249512
2, 22, 0.6536522507667542, 0.9284641742706299
2, 10, 0.6920920014381409, 0.8268682360649109
2, 14, 0.7462673783302307, 0.7393050193786621
2, 1, 0.6987026333808899, 0.8420035243034363
2, 9, 0.7040095329284668, 0.8229252099990845
2, 5, 0.702062726020813, 0.8400501012802124
2, 15, 0.6628513336181641, 0.9687490463256836
2, 18, 0.7110269665718079, 0.8371999859809875
2, 6, 0.6580783128738403, 0.9085217118263245
2, 16, 0.6928495764732361, 0.7955003976821899
3, 12, 0.7815089225769043, 0.5977510809898376
3, 22, 0.7015168070793152, 0.7367112040519714
3, 13, 0.7595653533935547, 0.6784688234329224
3, 7, 0.7273213863372803, 0.6902303099632263
3, 19, 0.7181451320648193, 0.6905326843261719
3, 8, 0.7520127892494202, 0.6154627799987793
3, 23, 0.7992843985557556, 0.5495238304138184
3, 6, 0.7174214720726013, 0.6915687918663025
3, 5, 0.749225914478302, 0.6555265188217163
3, 14, 0.7800395488739014, 0.5918656587600708
3, 11, 0.7315757274627686, 0.6815651059150696
3, 9, 0.7389204502105713, 0.6658173203468323
3, 1, 0.7329109311103821, 0.6881504058837891
3, 10, 0.7400543689727783, 0.6417620778083801
3, 0, 0.7695239782333374, 0.611975371837616
3, 4, 0.6847893595695496, 0.883037269115448
3, 17, 0.6938263773918152, 0.7773792147636414
3, 3, 0.7295995950698853, 0.7186225056648254
3, 16, 0.7279376983642578, 0.6419637799263
3, 21, 0.7381643056869507, 0.6660910248756409
3, 20, 0.7114516496658325, 0.7166452407836914
3, 15, 0.723807156085968, 0.7594813704490662
3, 2, 0.7397785782814026, 0.6672036647796631
3, 18, 0.7675428986549377, 0.638546347618103
4, 23, 0.8135967254638672, 0.5024220943450928
4, 11, 0.7412393689155579, 0.6430277824401855
4, 22, 0.7100174427032471, 0.7008711695671082
4, 13, 0.7780433297157288, 0.6207243204116821
4, 19, 0.7304065823554993, 0.6445258259773254
4, 14, 0.782331645488739, 0.5749969482421875
4, 12, 0.7938753962516785, 0.5510327219963074
4, 15, 0.7368199825286865, 0.7107297778129578
4, 16, 0.7374130487442017, 0.6131497621536255
4, 4, 0.7046573758125305, 0.8126156330108643
4, 17, 0.708454430103302, 0.7155104875564575
4, 3, 0.7384508848190308, 0.6819589138031006
4, 5, 0.7576643228530884, 0.6170058846473694
4, 20, 0.7267204523086548, 0.6771470904350281
4, 9, 0.748223066329956, 0.6415503025054932
4, 6, 0.7305589318275452, 0.6445147395133972
4, 21, 0.7434741854667664, 0.6302729249000549
4, 2, 0.7514488101005554, 0.6247376203536987
4, 10, 0.7486981749534607, 0.6032217741012573
4, 1, 0.7439594268798828, 0.6495437026023865
4, 0, 0.7841882705688477, 0.5717325806617737
4, 7, 0.7406805157661438, 0.6416308283805847
4, 8, 0.7581604719161987, 0.5856738686561584
4, 18, 0.7888774871826172, 0.5711438059806824
5, 19, 0.7399256825447083, 0.6225572228431702
5, 16, 0.7449528574943542, 0.5935787558555603
5, 12, 0.8014028668403625, 0.5200207829475403
5, 2, 0.7653970718383789, 0.5922066569328308
5, 10, 0.7589020133018494, 0.5766918659210205
5, 23, 0.8186697363853455, 0.4840410351753235
5, 13, 0.786872923374176, 0.5984225869178772
5, 22, 0.724223256111145, 0.6661193370819092
5, 20, 0.7376371622085571, 0.6537263989448547
5, 1, 0.7517996430397034, 0.6345745921134949
5, 4, 0.7287572026252747, 0.7459853291511536
5, 17, 0.7180472016334534, 0.6833977103233337
5, 3, 0.743333637714386, 0.6654543876647949
5, 7, 0.7523723244667053, 0.6169742345809937
5, 15, 0.7420365810394287, 0.681304395198822
5, 14, 0.7891449928283691, 0.5542199611663818
5, 9, 0.7531984448432922, 0.6233471632003784
5, 0, 0.7927942276000977, 0.5499171018600464
5, 11, 0.7496364116668701, 0.6208533048629761
5, 21, 0.7519075274467468, 0.6090352535247803
5, 5, 0.7637913823127747, 0.5913086533546448
5, 18, 0.7942111492156982, 0.5520868301391602
5, 8, 0.7610483765602112, 0.5758628249168396
5, 6, 0.7431660294532776, 0.6156335473060608
6, 13, 0.7929806113243103, 0.5763420462608337
6, 23, 0.825041651725769, 0.4652116000652313
6, 16, 0.753572940826416, 0.5775588154792786
6, 12, 0.8102256059646606, 0.5025622248649597
6, 3, 0.7469009160995483, 0.6548450589179993
6, 22, 0.7279580235481262, 0.6519954800605774
6, 4, 0.7340888381004333, 0.7063769698143005
6, 14, 0.7912688851356506, 0.5423855781555176
6, 2, 0.7742096781730652, 0.5742188692092896
6, 6, 0.7555691599845886, 0.5950928926467896
6, 5, 0.7735161781311035, 0.5711202621459961
6, 11, 0.7512783408164978, 0.6130065321922302
6, 17, 0.7244158983230591, 0.6685516834259033
6, 8, 0.7634549736976624, 0.5721723437309265
6, 15, 0.747367799282074, 0.6639606356620789
6, 21, 0.7567712068557739, 0.5944737195968628
6, 10, 0.7679252624511719, 0.5528730750083923
6, 19, 0.7512805461883545, 0.6044273972511292
6, 9, 0.7564177513122559, 0.618604302406311
6, 0, 0.7996950745582581, 0.5373460054397583
6, 18, 0.8010910749435425, 0.5189336538314819
6, 7, 0.7581564784049988, 0.6018539071083069
6, 1, 0.7563914656639099, 0.6179314851760864
6, 20, 0.7488983869552612, 0.6347696185112
7, 10, 0.7760419845581055, 0.5384107828140259
7, 0, 0.8038676977157593, 0.5274763107299805
7, 21, 0.7670563459396362, 0.5794768929481506
7, 16, 0.7602800130844116, 0.5683045983314514
7, 23, 0.8255808353424072, 0.4617994725704193
7, 11, 0.7581742405891418, 0.5943602919578552
7, 22, 0.7354504466056824, 0.6396218538284302
7, 8, 0.7643082141876221, 0.5663506388664246
7, 3, 0.7461205720901489, 0.649662435054779
7, 4, 0.7416678667068481, 0.697733461856842
7, 7, 0.7689220309257507, 0.5865973830223083
7, 12, 0.814453661441803, 0.49881690740585327
7, 2, 0.7893968820571899, 0.5397613048553467
7, 5, 0.7783349752426147, 0.5599598288536072
7, 6, 0.7622398734092712, 0.5778174996376038
7, 18, 0.8096387982368469, 0.5014809966087341
7, 17, 0.7340484857559204, 0.6476246118545532
7, 13, 0.804908275604248, 0.5443321466445923
7, 20, 0.7536313533782959, 0.621303915977478
7, 1, 0.7655551433563232, 0.6015485525131226
7, 15, 0.753042995929718, 0.6449235081672668
7, 19, 0.7607542872428894, 0.5857470035552979
7, 14, 0.7962526679039001, 0.5309526920318604
7, 9, 0.7577347755432129, 0.6079713702201843
8, 14, 0.7969256043434143, 0.5331005454063416
8, 18, 0.813078761100769, 0.4934617280960083
8, 23, 0.829918622970581, 0.4519693851470947
8, 4, 0.7516377568244934, 0.660166323184967
8, 10, 0.7799211740493774, 0.5294010639190674
8, 11, 0.7634751796722412, 0.5831360220909119
8, 5, 0.7859665751457214, 0.5502795577049255
8, 12, 0.8194637894630432, 0.4904730021953583
8, 7, 0.7699100375175476, 0.5762419104576111
8, 15, 0.7562150359153748, 0.6360926628112793
8, 16, 0.7644437551498413, 0.5593639612197876
8, 19, 0.767916202545166, 0.5736104249954224
8, 21, 0.7715184688568115, 0.5683772563934326
8, 22, 0.7443634867668152, 0.6200782656669617
8, 9, 0.7642988562583923, 0.5960453748703003
8, 1, 0.7664775252342224, 0.5934628248214722
8, 3, 0.7504904866218567, 0.6414761543273926
8, 17, 0.7355809211730957, 0.6465414762496948
8, 6, 0.7675438523292542, 0.5671315789222717
8, 8, 0.7678743600845337, 0.5608052015304565
8, 0, 0.8075788617134094, 0.5132578611373901
8, 13, 0.8092455863952637, 0.5362725257873535
8, 20, 0.7562063932418823, 0.6169521808624268
8, 2, 0.7929939031600952, 0.5362094640731812
9, 14, 0.8024982213973999, 0.5207162499427795
9, 5, 0.7921808958053589, 0.5361982583999634
9, 4, 0.7619423270225525, 0.6441634297370911
9, 21, 0.7724778056144714, 0.5660495162010193
9, 2, 0.8008273243904114, 0.5180909037590027
9, 23, 0.8348200917243958, 0.44342800974845886
9, 11, 0.7685415148735046, 0.5779974460601807
9, 10, 0.7838846445083618, 0.5279722213745117
9, 13, 0.8149107098579407, 0.5285367965698242
9, 9, 0.7663475275039673, 0.5923678874969482
9, 0, 0.8098056316375732, 0.5095848441123962
9, 1, 0.7728739976882935, 0.578682541847229
9, 6, 0.7771521806716919, 0.5475689768791199
9, 3, 0.7537902593612671, 0.6349077820777893
9, 8, 0.776209831237793, 0.5422008037567139
9, 22, 0.7461965084075928, 0.6155300140380859
9, 15, 0.761469841003418, 0.6243573427200317
9, 12, 0.8258181214332581, 0.47653964161872864
9, 19, 0.773922324180603, 0.5567807555198669
9, 7, 0.7721537351608276, 0.5739520788192749
9, 16, 0.7665368914604187, 0.5563967823982239
9, 20, 0.7629522085189819, 0.6059855222702026
9, 17, 0.7432432174682617, 0.6331787109375
9, 18, 0.8168488144874573, 0.48082858324050903
10, 4, 0.7623726725578308, 0.6411636471748352
10, 17, 0.746865451335907, 0.6234601140022278
10, 8, 0.7818543910980225, 0.5355224013328552
10, 22, 0.7510539889335632, 0.6011337637901306
10, 21, 0.780264139175415, 0.5522588491439819
10, 23, 0.8341829180717468, 0.44046443700790405
10, 5, 0.7989403009414673, 0.5198095440864563
10, 10, 0.7873843312263489, 0.5139548182487488
10, 0, 0.81211256980896, 0.5074527263641357
10, 14, 0.8018463253974915, 0.520176351070404
10, 16, 0.7692376971244812, 0.551831841468811
10, 15, 0.7670112252235413, 0.6126070022583008
10, 6, 0.7791309952735901, 0.5421184301376343
10, 1, 0.7757413983345032, 0.5688769817352295
10, 19, 0.7793617844581604, 0.5549162030220032
10, 11, 0.7688230276107788, 0.5694053173065186
10, 7, 0.7735123038291931, 0.5754275918006897
10, 20, 0.766524612903595, 0.5915527939796448
10, 12, 0.8297284841537476, 0.4740495979785919
10, 13, 0.8200889825820923, 0.5142905712127686
10, 9, 0.7711765170097351, 0.5812221169471741
10, 2, 0.8033452033996582, 0.5109584331512451
10, 18, 0.8266822099685669, 0.47016143798828125
10, 3, 0.7549942135810852, 0.6262583136558533
11, 21, 0.7810003757476807, 0.5513973832130432
11, 23, 0.8258258700370789, 0.48132678866386414
11, 14, 0.8062623739242554, 0.5120546817779541
11, 9, 0.7917258739471436, 0.5224409699440002
11, 10, 0.7790145874023438, 0.5357834100723267
11, 18, 0.8207578063011169, 0.4774594306945801
11, 0, 0.8152420520782471, 0.4956595003604889
11, 15, 0.7843425869941711, 0.5627659559249878
11, 2, 0.8114583492279053, 0.4900236129760742
11, 20, 0.7689545750617981, 0.5881531834602356
12, 4, 0.7560847401618958, 0.6776626110076904
12, 0, 0.8286625742912292, 0.45231500267982483
12, 10, 0.8120296001434326, 0.466919869184494
12, 23, 0.8481521606445312, 0.3993378281593323
12, 15, 0.7963235378265381, 0.5329505205154419
12, 2, 0.8288637399673462, 0.44252344965934753
12, 9, 0.801760196685791, 0.49635568261146545
12, 20, 0.7900081872940063, 0.533797025680542
12, 8, 0.790124237537384, 0.5122734904289246
12, 18, 0.8503274917602539, 0.40959978103637695
13, 19, 0.7734916806221008, 0.5580936670303345
13, 23, 0.8604303598403931, 0.37066179513931274
13, 6, 0.7668706774711609, 0.5627011656761169
13, 0, 0.8396958708763123, 0.4229920208454132
13, 9, 0.8057111501693726, 0.482146680355072
13, 1, 0.7696858048439026, 0.5859674215316772
13, 2, 0.8371967673301697, 0.42745551466941833
13, 15, 0.8087058067321777, 0.5064732432365417
13, 20, 0.7999274730682373, 0.5070006251335144
13, 18, 0.857624351978302, 0.38892242312431335
14, 4, 0.7812365293502808, 0.554858386516571
14, 5, 0.7874056696891785, 0.5404402613639832
14, 23, 0.8689834475517273, 0.3548080623149872
14, 10, 0.8200830817222595, 0.44972336292266846
14, 2, 0.8455896973609924, 0.40588417649269104
14, 0, 0.848743200302124, 0.40268316864967346
14, 18, 0.8646779656410217, 0.3778340816497803
14, 14, 0.81694495677948, 0.48439866304397583
14, 20, 0.8121316432952881, 0.48121142387390137
14, 15, 0.8189287781715393, 0.48690953850746155
15, 6, 0.7822317481040955, 0.5266268849372864
15, 0, 0.8561656475067139, 0.38842275738716125
15, 2, 0.853203296661377, 0.39046216011047363
15, 23, 0.8758209943771362, 0.3387092649936676
15, 17, 0.7357998490333557, 0.6442041397094727
15, 5, 0.8176267743110657, 0.4714733064174652
15, 20, 0.8185510635375977, 0.46396002173423767
15, 8, 0.7927058935165405, 0.5064036250114441
15, 18, 0.8662242293357849, 0.3711419105529785
15, 15, 0.8256358504295349, 0.4716659486293793
16, 23, 0.8800117373466492, 0.3301738202571869
16, 1, 0.7857873439788818, 0.5488637089729309
16, 8, 0.8061608672142029, 0.4740087687969208
16, 0, 0.8613613247871399, 0.37280622124671936
16, 2, 0.857279896736145, 0.3786594271659851
16, 10, 0.8277992010116577, 0.4360596835613251
16, 18, 0.8705849647521973, 0.3628372848033905
16, 20, 0.8301568627357483, 0.4412634074687958
16, 9, 0.7951751947402954, 0.507750391960144
16, 15, 0.8312727808952332, 0.45757389068603516
17, 23, 0.8825360536575317, 0.3222009241580963
17, 15, 0.8391072750091553, 0.4403696060180664
17, 2, 0.863214910030365, 0.3656969666481018
17, 0, 0.8655539751052856, 0.36505207419395447
17, 9, 0.8088886737823486, 0.47294002771377563
17, 8, 0.8079110980033875, 0.4680430293083191
17, 6, 0.7908404469490051, 0.5038802623748779
17, 17, 0.7555626034736633, 0.5949156880378723
17, 20, 0.838843047618866, 0.4252045452594757
17, 18, 0.8700637817382812, 0.3669244647026062
18, 5, 0.8188042640686035, 0.47172409296035767
18, 2, 0.8689101338386536, 0.34945711493492126
18, 8, 0.8136650323867798, 0.4570576548576355
18, 12, 0.8272845149040222, 0.5077862739562988
18, 10, 0.840575098991394, 0.41128888726234436
18, 0, 0.8701879382133484, 0.35525038838386536
18, 20, 0.8457702398300171, 0.4111373722553253
18, 23, 0.8847662210464478, 0.31619295477867126
18, 15, 0.8397951722145081, 0.43792998790740967
18, 18, 0.8716273903846741, 0.35639533400535583
19, 16, 0.7596498131752014, 0.5631495714187622
19, 9, 0.8051258325576782, 0.4843747019767761
19, 8, 0.8159840703010559, 0.4491146504878998
19, 0, 0.8721739649772644, 0.34847575426101685
19, 18, 0.8751367926597595, 0.34943392872810364
19, 23, 0.8883442878723145, 0.30701887607574463
19, 10, 0.8522758483886719, 0.3794516623020172
19, 2, 0.8714679479598999, 0.34348931908607483
19, 15, 0.8439990282058716, 0.42552030086517334
19, 20, 0.8483633995056152, 0.40252721309661865
20, 16, 0.7913393974304199, 0.5058965086936951
20, 14, 0.818080484867096, 0.4876381456851959
20, 10, 0.8610461354255676, 0.3635849356651306
20, 23, 0.8902068138122559, 0.3018820285797119
20, 15, 0.848432183265686, 0.4185597002506256
20, 5, 0.8305786848068237, 0.4481193721294403
20, 18, 0.8744940161705017, 0.3525221049785614
20, 0, 0.8725751638412476, 0.34340736269950867
20, 20, 0.8546196222305298, 0.3909133970737457
20, 2, 0.8769633769989014, 0.3328831195831299
21, 5, 0.8450133204460144, 0.41160205006599426
21, 23, 0.8930497169494629, 0.29450729489326477
21, 14, 0.8425158858299255, 0.42658305168151855
21, 0, 0.8750225901603699, 0.3398784399032593
21, 15, 0.8515850305557251, 0.41072726249694824
21, 2, 0.881079912185669, 0.3242010176181793
21, 20, 0.8614199161529541, 0.3790866732597351
21, 18, 0.8803314566612244, 0.3390882611274719
21, 10, 0.8672021627426147, 0.34951403737068176
21, 1, 0.7983196377754211, 0.5195663571357727
22, 3, 0.7640461921691895, 0.61208176612854
22, 19, 0.7865464091300964, 0.5294958353042603
22, 23, 0.8930006623268127, 0.29391926527023315
22, 2, 0.8812997341156006, 0.3202071785926819
22, 10, 0.8694579601287842, 0.3425006568431854
22, 0, 0.8769885301589966, 0.3349338471889496
22, 5, 0.853451669216156, 0.3944653272628784
22, 20, 0.8636322617530823, 0.3697966933250427
22, 18, 0.8847790956497192, 0.32809507846832275
22, 15, 0.8520627617835999, 0.41007789969444275
23, 11, 0.79567950963974, 0.5302769541740417
23, 23, 0.8949368000030518, 0.28974854946136475
23, 19, 0.8137890100479126, 0.4674470126628876
23, 15, 0.8541264533996582, 0.40633949637413025
23, 18, 0.8864295482635498, 0.3234574496746063
23, 9, 0.7967639565467834, 0.503991425037384
23, 10, 0.8722197413444519, 0.3361661434173584
23, 20, 0.865445613861084, 0.3671976625919342
23, 2, 0.8831381797790527, 0.31649747490882874
23, 0, 0.8797568678855896, 0.32783183455467224
24, 19, 0.8221068978309631, 0.4462669789791107
24, 23, 0.8980982303619385, 0.28503769636154175
24, 5, 0.8486328721046448, 0.40629395842552185
24, 21, 0.7840792536735535, 0.5338314175605774
24, 18, 0.8879932165145874, 0.3174976706504822
24, 0, 0.8819234371185303, 0.3227548897266388
24, 20, 0.8702692985534668, 0.3562248945236206
24, 10, 0.8789450526237488, 0.32472243905067444
24, 15, 0.8569545149803162, 0.4014795124530792
24, 2, 0.8893529176712036, 0.3051394522190094
25, 4, 0.7840816974639893, 0.5679232478141785
25, 8, 0.798416018486023, 0.49529367685317993
25, 6, 0.7867401242256165, 0.5154072046279907
25, 23, 0.8959906101226807, 0.28535759449005127
25, 9, 0.8037879467010498, 0.4869301915168762
25, 15, 0.8573939800262451, 0.3992365300655365
25, 0, 0.8822243213653564, 0.32096853852272034
25, 2, 0.8905919194221497, 0.30159369111061096
25, 20, 0.8701604604721069, 0.35533496737480164
25, 18, 0.8910509347915649, 0.3106655776500702
26, 8, 0.8158090710639954, 0.4492729604244232
26, 23, 0.8980492353439331, 0.28261980414390564
26, 7, 0.7793170213699341, 0.5585647821426392
26, 9, 0.8165607452392578, 0.456217885017395
26, 10, 0.8684459924697876, 0.3473052680492401
26, 18, 0.8922149538993835, 0.30796128511428833
26, 2, 0.8939090967178345, 0.2957552969455719
26, 15, 0.8597634434700012, 0.39129364490509033
26, 20, 0.8742406368255615, 0.3492935299873352
26, 0, 0.8838291764259338, 0.3160132169723511
27, 23, 0.8994706273078918, 0.2817542552947998
27, 13, 0.809843122959137, 0.5511080026626587
27, 8, 0.8208410143852234, 0.4411318898200989
27, 2, 0.8931297659873962, 0.2956344187259674
27, 9, 0.8195083141326904, 0.44655388593673706
27, 6, 0.8035087585449219, 0.47884485125541687
27, 0, 0.887099027633667, 0.30906641483306885
27, 18, 0.8945950865745544, 0.3033909797668457
27, 15, 0.8622283935546875, 0.3854380249977112
27, 20, 0.8742406368255615, 0.3451879620552063
28, 23, 0.8983678221702576, 0.2788902819156647
28, 22, 0.7802905440330505, 0.5387827157974243
28, 6, 0.821073055267334, 0.4354868233203888
28, 15, 0.863222062587738, 0.3828032910823822
28, 3, 0.7615045309066772, 0.6172236204147339
28, 9, 0.8221005201339722, 0.43937742710113525
28, 0, 0.8865373134613037, 0.30664753913879395
28, 2, 0.8968666195869446, 0.2878973186016083
28, 18, 0.8958633542060852, 0.29728880524635315
28, 20, 0.8780850768089294, 0.33810120820999146
29, 12, 0.828848659992218, 0.46744805574417114
29, 9, 0.8236265778541565, 0.43499109148979187
29, 10, 0.8626062273979187, 0.3568403422832489
29, 19, 0.8200443983078003, 0.45600542426109314
29, 0, 0.8895865678787231, 0.3012084364891052
29, 23, 0.900646984577179, 0.27625179290771484
29, 18, 0.8977918028831482, 0.2924354672431946
29, 20, 0.8791912198066711, 0.33571383357048035
29, 2, 0.8978657722473145, 0.28334352374076843
29, 15, 0.8649418354034424, 0.3800208568572998
30, 23, 0.902460515499115, 0.27138856053352356
30, 8, 0.8111052513122559, 0.4602855145931244
30, 0, 0.8917330503463745, 0.297389954328537
30, 6, 0.8148102760314941, 0.45052391290664673
30, 4, 0.810524582862854, 0.4902972877025604
30, 18, 0.8991295695304871, 0.2905711829662323
30, 2, 0.900323748588562, 0.2824319303035736
30, 9, 0.8244836330413818, 0.42954573035240173
30, 20, 0.8803517818450928, 0.33419474959373474
30, 15, 0.8651520013809204, 0.37863889336586
31, 12, 0.8456387519836426, 0.42839282751083374
31, 10, 0.8670545816421509, 0.3471953272819519
31, 5, 0.8394531607627869, 0.4323686957359314
31, 8, 0.8279513716697693, 0.4241953194141388
31, 23, 0.903783917427063, 0.269169420003891
31, 15, 0.866432249546051, 0.3743900954723358
31, 2, 0.9009432196617126, 0.279352068901062
31, 0, 0.8908503651618958, 0.2955693304538727
31, 18, 0.9007279276847839, 0.2876583933830261
31, 20, 0.8839423060417175, 0.3267726004123688
32, 22, 0.7960773706436157, 0.5051907300949097
32, 23, 0.9050338268280029, 0.26901906728744507
32, 0, 0.891953706741333, 0.2951481342315674
32, 7, 0.7752001881599426, 0.5656729936599731
32, 10, 0.8818122148513794, 0.3156498372554779
32, 15, 0.8670055270195007, 0.37076929211616516
32, 2, 0.9025018811225891, 0.27521196007728577
32, 5, 0.8631764650344849, 0.37501436471939087
32, 20, 0.8862816095352173, 0.31905749440193176
32, 18, 0.90364670753479, 0.28076308965682983
33, 19, 0.8283622860908508, 0.4396779537200928
33, 7, 0.8036269545555115, 0.5074188709259033
33, 23, 0.9029507040977478, 0.26773595809936523
33, 10, 0.8839415311813354, 0.3076891303062439
33, 5, 0.8709170818328857, 0.3520837724208832
33, 15, 0.8698144555091858, 0.3666945993900299
33, 18, 0.9037683010101318, 0.2801389694213867
33, 0, 0.8945415019989014, 0.2916877269744873
33, 20, 0.8859007954597473, 0.31655699014663696
33, 2, 0.9041604995727539, 0.2742043435573578
34, 23, 0.9045436978340149, 0.26561567187309265
34, 5, 0.8769787549972534, 0.34080058336257935
34, 10, 0.8841313123703003, 0.3067704439163208
34, 22, 0.8120933175086975, 0.4675610065460205
34, 1, 0.7907801866531372, 0.5384781956672668
34, 15, 0.8710182905197144, 0.36501485109329224
34, 0, 0.8959859013557434, 0.2870562970638275
34, 2, 0.9073578119277954, 0.2642449140548706
34, 20, 0.8879862427711487, 0.3153194487094879
34, 18, 0.9042721390724182, 0.27581170201301575
35, 0, 0.89745032787323, 0.28333577513694763
35, 23, 0.9044211506843567, 0.26412713527679443
35, 17, 0.7651554346084595, 0.5696895122528076
35, 9, 0.8084288239479065, 0.4841359555721283
35, 2, 0.905539333820343, 0.26624542474746704
35, 10, 0.8888537287712097, 0.29915058612823486
35, 19, 0.837722659111023, 0.4199135899543762
35, 18, 0.9066523313522339, 0.2693227529525757
35, 15, 0.872069239616394, 0.3621291518211365
35, 20, 0.8883488774299622, 0.3127669095993042
36, 23, 0.9058670997619629, 0.26223844289779663
36, 6, 0.8133822679519653, 0.4636632204055786
36, 5, 0.8715057969093323, 0.36225131154060364
36, 4, 0.8188925385475159, 0.49853596091270447
36, 14, 0.8214030265808105, 0.4920535981655121
36, 20, 0.8899990916252136, 0.3097990155220032
36, 0, 0.8972296118736267, 0.2802366018295288
36, 2, 0.90705806016922, 0.26412785053253174
36, 18, 0.9092757105827332, 0.26749753952026367
36, 15, 0.8715342283248901, 0.36184707283973694
37, 23, 0.90621018409729, 0.260313481092453
37, 0, 0.8981724977493286, 0.2784290909767151
37, 2, 0.9084169268608093, 0.25963109731674194
37, 4, 0.8433510065078735, 0.4133741557598114
37, 6, 0.834067702293396, 0.41048771142959595
37, 5, 0.8826043605804443, 0.33061346411705017
37, 15, 0.8765406012535095, 0.3530203104019165
37, 20, 0.8911234140396118, 0.3092776834964752
37, 19, 0.8318072557449341, 0.43283161520957947
37, 18, 0.908024787902832, 0.26628702878952026
38, 12, 0.8481560349464417, 0.4248969852924347
38, 23, 0.9087589383125305, 0.2582342326641083
38, 5, 0.8868780136108398, 0.3183687627315521
38, 14, 0.8387096524238586, 0.44001641869544983
38, 10, 0.8762254118919373, 0.33008402585983276
38, 20, 0.8925922513008118, 0.30240508913993835
38, 0, 0.8989548683166504, 0.27655670046806335
38, 2, 0.9111745953559875, 0.2555367350578308
38, 15, 0.8761393427848816, 0.35229799151420593
38, 18, 0.9095189571380615, 0.2606150507926941
39, 5, 0.8873141407966614, 0.3147662580013275
39, 10, 0.8868719935417175, 0.30127501487731934
39, 14, 0.8544391393661499, 0.39336907863616943
39, 3, 0.7568447589874268, 0.6243629455566406
39, 2, 0.910615086555481, 0.2528914511203766
39, 20, 0.8922295570373535, 0.30154773592948914
39, 23, 0.906847357749939, 0.258788138628006
39, 15, 0.877935528755188, 0.3462979793548584
39, 0, 0.8998976945877075, 0.2748728394508362
39, 18, 0.9095536470413208, 0.2622720003128052
40, 23, 0.9071659445762634, 0.25475046038627625
40, 14, 0.8614417314529419, 0.37856975197792053
40, 5, 0.8904975652694702, 0.30670905113220215
40, 7, 0.785306990146637, 0.53962641954422
40, 0, 0.9015626907348633, 0.2721063494682312
40, 15, 0.8785088062286377, 0.3452284336090088
40, 6, 0.8259485960006714, 0.43536949157714844
40, 2, 0.9122337102890015, 0.25106754899024963
40, 18, 0.911395251750946, 0.258455753326416
40, 20, 0.8931000232696533, 0.3013206422328949
41, 19, 0.8239427208900452, 0.4516661465167999
41, 12, 0.8482782244682312, 0.43546777963638306
41, 23, 0.9077786207199097, 0.25594842433929443
41, 2, 0.9124935269355774, 0.25114619731903076
41, 5, 0.8901050686836243, 0.30734965205192566
41, 6, 0.8442880511283875, 0.3924582004547119
41, 0, 0.9002587795257568, 0.27457195520401
41, 15, 0.877629816532135, 0.3448564112186432
41, 18, 0.9121249318122864, 0.2534244656562805
41, 20, 0.8955118060112, 0.29580947756767273
42, 22, 0.8150719404220581, 0.466350257396698
42, 23, 0.9079992175102234, 0.25370126962661743
42, 17, 0.7659714221954346, 0.5724896192550659
42, 10, 0.876752495765686, 0.33142757415771484
42, 0, 0.9016429781913757, 0.2704057991504669
42, 2, 0.9127532839775085, 0.2523658573627472
42, 5, 0.8936156034469604, 0.2998541593551636
42, 15, 0.8777444362640381, 0.3443374037742615
42, 20, 0.8957838416099548, 0.2945803701877594
42, 18, 0.9125245213508606, 0.25326594710350037
43, 12, 0.8526773452758789, 0.430130273103714
43, 10, 0.8874412178993225, 0.2996988892555237
43, 23, 0.9082197546958923, 0.2532804012298584
43, 22, 0.8321189880371094, 0.4272567927837372
43, 0, 0.9019839763641357, 0.26583385467529297
43, 20, 0.8965454697608948, 0.2949615716934204
43, 15, 0.8812986016273499, 0.33941450715065
43, 9, 0.8027427196502686, 0.49638816714286804
43, 2, 0.9142520427703857, 0.24804580211639404
43, 18, 0.9142271280288696, 0.24905230104923248
44, 8, 0.8092018961906433, 0.47766610980033875
44, 5, 0.8792246580123901, 0.33890342712402344
44, 20, 0.8977423310279846, 0.2915196418762207
44, 23, 0.9088079333305359, 0.2516954839229584
44, 10, 0.8904138207435608, 0.29258644580841064
44, 7, 0.7980074286460876, 0.5196331143379211
44, 0, 0.9038295745849609, 0.26533710956573486
44, 18, 0.9151827096939087, 0.24902620911598206
44, 15, 0.8824833035469055, 0.33524471521377563
44, 2, 0.9135925769805908, 0.24839282035827637
45, 19, 0.8335750699043274, 0.4281977117061615
45, 4, 0.8212116956710815, 0.49401047825813293
45, 18, 0.914730966091156, 0.2479499876499176
45, 6, 0.8346388936042786, 0.42214351892471313
45, 15, 0.8828272819519043, 0.33256909251213074
45, 9, 0.8119407892227173, 0.46714410185813904
45, 2, 0.9140921831130981, 0.24474868178367615
45, 20, 0.8985583186149597, 0.28778839111328125
45, 0, 0.9027663469314575, 0.2651740610599518
45, 23, 0.9107930660247803, 0.2477792501449585
46, 16, 0.7702730298042297, 0.5497487783432007
46, 23, 0.9110136032104492, 0.24737703800201416
46, 8, 0.819484531879425, 0.4468245208263397
46, 6, 0.8511015772819519, 0.3784042298793793
46, 15, 0.8823113441467285, 0.335893452167511
46, 5, 0.8767170906066895, 0.3465447723865509
46, 2, 0.9153910875320435, 0.24260316789150238
46, 0, 0.9047724008560181, 0.26051250100135803
46, 18, 0.9153738021850586, 0.24585366249084473
46, 20, 0.898921012878418, 0.2864838242530823
47, 23, 0.9116998314857483, 0.24497023224830627
47, 12, 0.8489869832992554, 0.41922658681869507
47, 9, 0.8152019381523132, 0.45409095287323
47, 8, 0.8275575637817383, 0.42190030217170715
47, 6, 0.8556099534034729, 0.36310407519340515
47, 18, 0.9164509177207947, 0.24069717526435852
47, 20, 0.8989935517311096, 0.28761833906173706
47, 15, 0.8832094669342041, 0.3317089378833771
47, 0, 0.9055748581886292, 0.25830134749412537
47, 2, 0.9168298840522766, 0.23941178619861603
48, 5, 0.8798569440841675, 0.33764517307281494
48, 10, 0.8798515796661377, 0.3198889493942261
48, 23, 0.9118958711624146, 0.24465157091617584
48, 18, 0.9172327518463135, 0.24073344469070435
48, 22, 0.8180047869682312, 0.4528477191925049
48, 2, 0.9174293875694275, 0.23947735130786896
48, 0, 0.9050532579421997, 0.26036134362220764
48, 15, 0.8840884566307068, 0.3306652903556824
48, 1, 0.8013675212860107, 0.5128277540206909
48, 20, 0.901623010635376, 0.2818388044834137
49, 14, 0.8380157351493835, 0.44018515944480896
49, 10, 0.8923745155334473, 0.2914445996284485
49, 0, 0.9063571691513062, 0.25729310512542725
49, 23, 0.9123370051383972, 0.24316714704036713
49, 18, 0.9165551662445068, 0.24062493443489075
49, 5, 0.8937464356422424, 0.3018810451030731
49, 2, 0.9176491498947144, 0.23744280636310577
49, 20, 0.9005168080329895, 0.28368106484413147
49, 7, 0.7993454337120056, 0.5178864598274231
49, 15, 0.8843177556991577, 0.3297937512397766
50, 16, 0.7941302061080933, 0.5118558406829834
50, 8, 0.8161590695381165, 0.45462045073509216
50, 5, 0.8951201438903809, 0.2946825921535492
50, 2, 0.9167699217796326, 0.236346036195755
50, 6, 0.8482863903045654, 0.3860169053077698
50, 0, 0.9061967134475708, 0.2583926022052765
50, 20, 0.9004986882209778, 0.28149381279945374
50, 23, 0.9128026366233826, 0.24159687757492065
50, 15, 0.8842604160308838, 0.32558178901672363
50, 18, 0.9182925224304199, 0.23594437539577484
51, 23, 0.9109401106834412, 0.24262239038944244
51, 8, 0.8317581415176392, 0.413760781288147
51, 6, 0.8603835105895996, 0.3571045994758606
51, 5, 0.8972133994102478, 0.2903895676136017
51, 7, 0.8031535148620605, 0.5091793537139893
51, 0, 0.9095067381858826, 0.25592753291130066
51, 2, 0.9177290797233582, 0.23373450338840485
51, 20, 0.9031825065612793, 0.2765636742115021
51, 15, 0.8846616744995117, 0.324722021818161
51, 18, 0.9189701080322266, 0.23534008860588074
52, 12, 0.8504533767700195, 0.42419061064720154
52, 23, 0.9129987359046936, 0.24275100231170654
52, 10, 0.8833090662956238, 0.31072068214416504
52, 15, 0.8860374689102173, 0.3221829831600189
52, 8, 0.8364400267601013, 0.4007195234298706
52, 9, 0.8152855634689331, 0.4639950692653656
52, 0, 0.906597912311554, 0.25479644536972046
52, 18, 0.9179971814155579, 0.23554842174053192
52, 20, 0.901786208152771, 0.27880439162254333
52, 2, 0.9176291823387146, 0.23776228725910187
53, 23, 0.9136849045753479, 0.24075987935066223
53, 6, 0.8565483689308167, 0.3689314126968384
53, 8, 0.839021623134613, 0.39390134811401367
53, 5, 0.8889712691307068, 0.30914485454559326
53, 15, 0.886687159538269, 0.32228147983551025
53, 2, 0.9189081192016602, 0.2342541664838791
53, 0, 0.908383309841156, 0.2518661916255951
53, 21, 0.794342041015625, 0.5228815078735352
53, 20, 0.902493417263031, 0.27869200706481934
53, 18, 0.9191091060638428, 0.2331209033727646
54, 23, 0.9134398698806763, 0.23931843042373657
54, 22, 0.8196774125099182, 0.45797237753868103
54, 0, 0.9101085066795349, 0.2515236735343933
54, 6, 0.865095853805542, 0.3465769290924072
54, 3, 0.772473931312561, 0.5838661193847656
54, 20, 0.9035633206367493, 0.2759624719619751
54, 9, 0.8211389183998108, 0.4481746554374695
54, 15, 0.8880247473716736, 0.3187020719051361
54, 2, 0.9202070236206055, 0.23262888193130493
54, 18, 0.920290470123291, 0.230589359998703
55, 23, 0.9129987359046936, 0.23742543160915375
55, 1, 0.8093681931495667, 0.4895480275154114
55, 22, 0.8421546816825867, 0.40489113330841064
55, 2, 0.9205467700958252, 0.23095199465751648
55, 9, 0.8292917609214783, 0.4221597909927368
55, 10, 0.8830982446670532, 0.31318730115890503
55, 20, 0.9024752974510193, 0.27634602785110474
55, 18, 0.9204468727111816, 0.23057620227336884
55, 0, 0.9108507633209229, 0.25186100602149963
55, 15, 0.8894578814506531, 0.3169480860233307
56, 23, 0.9143221378326416, 0.2381940335035324
56, 5, 0.8872050642967224, 0.3143426477909088
56, 19, 0.8392185568809509, 0.42178696393966675
56, 10, 0.8933864831924438, 0.28500908613204956
56, 15, 0.8888655304908752, 0.3145626485347748
56, 13, 0.8184735178947449, 0.5340705513954163
56, 2, 0.9207665324211121, 0.22898133099079132
56, 0, 0.9103292226791382, 0.24834716320037842
56, 18, 0.9218193292617798, 0.22533553838729858
56, 20, 0.9034545421600342, 0.27351340651512146
57, 7, 0.7854922413825989, 0.5414074659347534
57, 2, 0.9218456745147705, 0.22785773873329163
57, 10, 0.895368218421936, 0.2807839810848236
57, 23, 0.9154494404792786, 0.23639146983623505
57, 15, 0.8898400664329529, 0.31255394220352173
57, 19, 0.8538597822189331, 0.38621339201927185
57, 20, 0.9063196778297424, 0.270260214805603
57, 9, 0.8274103403091431, 0.4326605796813965
57, 18, 0.9210723042488098, 0.226047083735466
57, 0, 0.9106301069259644, 0.24831777811050415
58, 10, 0.8965699076652527, 0.27616584300994873
58, 23, 0.9137829542160034, 0.23720142245292664
58, 0, 0.9101887941360474, 0.2487325221300125
58, 22, 0.8459352850914001, 0.4005785286426544
58, 15, 0.8879101276397705, 0.3171948492527008
58, 20, 0.9041436314582825, 0.2708500325679779
58, 9, 0.8317584991455078, 0.4121345579624176
58, 2, 0.92188560962677, 0.2261423021554947
58, 7, 0.8134455680847168, 0.4869256615638733
58, 18, 0.9224274158477783, 0.22717680037021637
59, 23, 0.9151799082756042, 0.23443186283111572
59, 21, 0.8036455512046814, 0.5082176327705383
59, 9, 0.8346642851829529, 0.41069328784942627
59, 0, 0.9115328192710876, 0.2455272525548935
59, 15, 0.8904706239700317, 0.31235527992248535
59, 6, 0.8531415462493896, 0.37872397899627686
59, 19, 0.8559222221374512, 0.3828302025794983
59, 20, 0.9066461324691772, 0.26661401987075806
59, 18, 0.9222710728645325, 0.22583119571208954
59, 2, 0.9213660359382629, 0.22603343427181244
60, 19, 0.8646253347396851, 0.36014628410339355
60, 17, 0.7749870419502258, 0.5459858179092407
60, 10, 0.8907511830329895, 0.29292044043540955
60, 9, 0.8377581834793091, 0.39966511726379395
60, 2, 0.923803985118866, 0.22192946076393127
60, 23, 0.9156700372695923, 0.23529304563999176
60, 20, 0.9044881463050842, 0.27130648493766785
60, 0, 0.9114927053451538, 0.24505488574504852
60, 18, 0.923660933971405, 0.22185833752155304
60, 15, 0.8902222514152527, 0.31218791007995605
61, 23, 0.9158660769462585, 0.23412173986434937
61, 10, 0.8994792699813843, 0.2681414484977722
61, 14, 0.833557665348053, 0.46423569321632385
61, 7, 0.8154010772705078, 0.4886458218097687
61, 0, 0.9116732478141785, 0.24225842952728271
61, 2, 0.923004686832428, 0.2245279848575592
61, 20, 0.9056305885314941, 0.2681646943092346
61, 9, 0.8398695588111877, 0.3984696865081787
61, 18, 0.9213849902153015, 0.22735801339149475
61, 15, 0.8914069533348083, 0.3080528974533081
62, 23, 0.9156210422515869, 0.2333059161901474
62, 8, 0.8125492334365845, 0.4606778621673584
62, 9, 0.839806854724884, 0.39445382356643677
62, 0, 0.9121346473693848, 0.24074922502040863
62, 2, 0.9236841201782227, 0.22130896151065826
62, 18, 0.9235393404960632, 0.22176538407802582
62, 10, 0.8993527889251709, 0.26716431975364685
62, 17, 0.7932770848274231, 0.5022218823432922
62, 15, 0.8913687467575073, 0.30720704793930054
62, 20, 0.9073171019554138, 0.2646542489528656
63, 23, 0.9159151315689087, 0.2321806252002716
63, 14, 0.8457332849502563, 0.4218641221523285
63, 11, 0.7767040133476257, 0.5795775651931763
63, 9, 0.841750979423523, 0.39277374744415283
63, 0, 0.9133583307266235, 0.23979045450687408
63, 2, 0.92386394739151, 0.22223925590515137
63, 15, 0.892419695854187, 0.30721113085746765
63, 10, 0.9024940729141235, 0.2631681561470032
63, 18, 0.9240605235099792, 0.22024136781692505
63, 20, 0.9049959182739258, 0.26686739921569824
64, 23, 0.9166748523712158, 0.23080378770828247
64, 2, 0.924263596534729, 0.2218659371137619
64, 13, 0.8245812058448792, 0.5158467292785645
64, 6, 0.8526315689086914, 0.3798008859157562
64, 5, 0.8749945759773254, 0.3490283489227295
64, 14, 0.8618833422660828, 0.37452131509780884
64, 15, 0.8904324173927307, 0.3089318573474884
64, 18, 0.9232960939407349, 0.220538929104805
64, 0, 0.9127364754676819, 0.24029967188835144
64, 20, 0.9076253771781921, 0.2636968493461609
65, 0, 0.9135188460350037, 0.2373376190662384
65, 23, 0.9159641265869141, 0.23186631500720978
65, 5, 0.8966900706291199, 0.2915373146533966
65, 2, 0.9255625009536743, 0.21912460029125214
65, 6, 0.8691554665565491, 0.3404640853404999
65, 16, 0.7873106598854065, 0.5208749175071716
65, 8, 0.8202721476554871, 0.4430628716945648
65, 18, 0.924807608127594, 0.21882511675357819
65, 15, 0.8908336758613586, 0.30715978145599365
65, 20, 0.9087134003639221, 0.26115304231643677
66, 21, 0.798268735408783, 0.5068684220314026
66, 23, 0.9169934391975403, 0.228904128074646
66, 0, 0.9143012166023254, 0.23810254037380219
66, 5, 0.898892343044281, 0.28420713543891907
66, 18, 0.9252071976661682, 0.21830721199512482
66, 2, 0.9256624579429626, 0.21647901833057404
66, 8, 0.8327207565307617, 0.4104061424732208
66, 10, 0.8928593993186951, 0.28871574997901917
66, 15, 0.8937954902648926, 0.3000413477420807
66, 20, 0.9083688259124756, 0.260629266500473
67, 23, 0.9163072109222412, 0.22878398001194
67, 10, 0.9015874862670898, 0.2637214660644531
67, 15, 0.8958019018173218, 0.29886868596076965
67, 9, 0.833368182182312, 0.4223889112472534
67, 0, 0.9146422147750854, 0.23714153468608856
67, 20, 0.9085864424705505, 0.2590787708759308
67, 4, 0.8112418055534363, 0.5049324035644531
67, 2, 0.9238439798355103, 0.22122842073440552
67, 14, 0.852168083190918, 0.40056830644607544
67, 18, 0.924842357635498, 0.2174072265625
68, 23, 0.9188805222511292, 0.22721511125564575
68, 0, 0.9158658981323242, 0.23616370558738708
68, 19, 0.8363628387451172, 0.4236903190612793
68, 15, 0.8950375318527222, 0.29906269907951355
68, 9, 0.8403294682502747, 0.3954642415046692
68, 13, 0.8343181014060974, 0.48370274901390076
68, 2, 0.9267814755439758, 0.21726953983306885
68, 10, 0.9027470350265503, 0.26166456937789917
68, 18, 0.9251724481582642, 0.21798372268676758
68, 20, 0.9088584780693054, 0.25744566321372986
69, 10, 0.9034849405288696, 0.2578192949295044
69, 23, 0.9176796674728394, 0.22895826399326324
69, 15, 0.89515221118927, 0.29960161447525024
69, 9, 0.8428798317909241, 0.3893704414367676
69, 0, 0.9156452417373657, 0.23380997776985168
69, 2, 0.9264417886734009, 0.21426838636398315
69, 8, 0.8257197737693787, 0.43086135387420654
69, 4, 0.8323530554771423, 0.44059494137763977
69, 20, 0.9098377227783203, 0.25614693760871887
69, 18, 0.9253982901573181, 0.2152055948972702
70, 22, 0.8284071087837219, 0.43396568298339844
70, 23, 0.9184393882751465, 0.2260027825832367
70, 5, 0.886856198310852, 0.32009637355804443
70, 10, 0.9050871729850769, 0.25673002004623413
70, 0, 0.9150233864784241, 0.2347595989704132
70, 11, 0.7843974232673645, 0.5580352544784546
70, 2, 0.9273809790611267, 0.21319708228111267
70, 15, 0.8945598602294922, 0.2974228262901306
70, 20, 0.9094206094741821, 0.25671660900115967
70, 18, 0.9254330396652222, 0.2151307910680771
71, 23, 0.9197137355804443, 0.22405388951301575
71, 0, 0.9150434136390686, 0.2355681210756302
71, 12, 0.8382090330123901, 0.4326416552066803
71, 6, 0.8527743816375732, 0.37839600443840027
71, 8, 0.8327426314353943, 0.4159921109676361
71, 20, 0.909529447555542, 0.25641247630119324
71, 5, 0.90046226978302, 0.2821575105190277
71, 15, 0.8961840271949768, 0.295698344707489
71, 2, 0.927021324634552, 0.21243204176425934
71, 18, 0.9260063767433167, 0.21320368349552155
72, 23, 0.9192236065864563, 0.224321648478508
72, 22, 0.8444230556488037, 0.40211257338523865
72, 10, 0.8974131941795349, 0.27981817722320557
72, 4, 0.8448572754859924, 0.4125324487686157
72, 0, 0.9165279269218445, 0.2317807525396347
72, 18, 0.9268923997879028, 0.21266207098960876
72, 2, 0.9256224632263184, 0.21461525559425354
72, 9, 0.8335772156715393, 0.4182731807231903
72, 15, 0.8959356546401978, 0.295421838760376
72, 20, 0.9100009202957153, 0.25671395659446716
73, 16, 0.789426326751709, 0.5121945142745972
73, 23, 0.9190520644187927, 0.22375625371932983
73, 6, 0.8638514876365662, 0.3560638129711151
73, 8, 0.8318018913269043, 0.41236284375190735
73, 9, 0.8424408435821533, 0.39094021916389465
73, 15, 0.8948082327842712, 0.2950268089771271
73, 0, 0.9171497821807861, 0.2312154620885849
73, 2, 0.927880585193634, 0.21050789952278137
73, 20, 0.9106537103652954, 0.2528716027736664
73, 18, 0.9271529912948608, 0.21106398105621338
74, 22, 0.8515947461128235, 0.3885490894317627
74, 9, 0.8458064794540405, 0.3846419155597687
74, 11, 0.8215978145599365, 0.4720071852207184
74, 15, 0.8961458206176758, 0.2939530909061432
74, 23, 0.9197627902030945, 0.22381483018398285
74, 0, 0.9176713824272156, 0.2279897779226303
74, 2, 0.927760660648346, 0.21203070878982544
74, 18, 0.9263538122177124, 0.21063357591629028
74, 6, 0.8735005855560303, 0.3279053568840027
74, 20, 0.9106355905532837, 0.25341880321502686
75, 19, 0.8498255014419556, 0.4007161557674408
75, 23, 0.9205225110054016, 0.22271165251731873
75, 6, 0.8760709762573242, 0.32509368658065796
75, 5, 0.8893855214118958, 0.311043381690979
75, 3, 0.7808570265769958, 0.5715194940567017
75, 2, 0.9274409413337708, 0.21016888320446014
75, 15, 0.8978464603424072, 0.291483610868454
75, 20, 0.9106355905532837, 0.25342315435409546
75, 0, 0.9186543226242065, 0.228239968419075
75, 18, 0.925849974155426, 0.21299847960472107
76, 14, 0.8456071019172668, 0.4216446578502655
76, 23, 0.920154869556427, 0.2216041535139084
76, 2, 0.9292194843292236, 0.208960622549057
76, 9, 0.8392214775085449, 0.40541872382164
76, 0, 0.9174908399581909, 0.2304074466228485
76, 20, 0.9116873741149902, 0.24978259205818176
76, 11, 0.8316836357116699, 0.4451058506965637
76, 15, 0.898018479347229, 0.2900031805038452
76, 6, 0.8798449635505676, 0.3148556351661682
76, 18, 0.9267186522483826, 0.21440435945987701
77, 23, 0.9207921028137207, 0.21976011991500854
77, 19, 0.8503240942955017, 0.3974391520023346
77, 2, 0.928220272064209, 0.21221230924129486
77, 6, 0.8828029632568359, 0.31237295269966125
77, 3, 0.7900428175926208, 0.5431711077690125
77, 15, 0.8980375528335571, 0.290349543094635
77, 20, 0.9107625484466553, 0.25134167075157166
77, 18, 0.9280216693878174, 0.20860248804092407
77, 0, 0.9189953804016113, 0.22663596272468567
77, 5, 0.8951637744903564, 0.2977166473865509
78, 12, 0.8461763858795166, 0.41776755452156067
78, 22, 0.8525341153144836, 0.38522830605506897
78, 23, 0.9211596846580505, 0.22034387290477753
78, 9, 0.837381899356842, 0.4032611548900604
78, 2, 0.9299588203430176, 0.20571666955947876
78, 15, 0.897884726524353, 0.29110437631607056
78, 10, 0.8892964720726013, 0.30156829953193665
78, 20, 0.9112521409988403, 0.25054433941841125
78, 0, 0.9182130098342896, 0.22908498346805573
78, 18, 0.9277089834213257, 0.2092514932155609
79, 23, 0.9219929575920105, 0.2187989503145218
79, 5, 0.8932885527610779, 0.2984735071659088
79, 20, 0.9132831692695618, 0.24838818609714508
79, 8, 0.8303141593933105, 0.424731582403183
79, 0, 0.9182130098342896, 0.2253427356481552
79, 2, 0.9288597702980042, 0.20737719535827637
79, 17, 0.77009117603302, 0.5601871609687805
79, 10, 0.9017983078956604, 0.2651224732398987
79, 15, 0.8995088934898376, 0.28855350613594055
79, 18, 0.9276915788650513, 0.20833933353424072
80, 10, 0.904138445854187, 0.25829485058784485
80, 23, 0.9219439029693604, 0.21850427985191345
80, 9, 0.841750979423523, 0.40238156914711
80, 19, 0.8522052764892578, 0.39348384737968445
80, 7, 0.8052942752838135, 0.5057784914970398
80, 18, 0.9276742339134216, 0.21009381115436554
80, 2, 0.9301387071609497, 0.2054280787706375
80, 20, 0.9125759601593018, 0.24920335412025452
80, 0, 0.9195370078086853, 0.22443673014640808
80, 15, 0.8985152840614319, 0.2877650260925293
81, 5, 0.8962321877479553, 0.2962345480918884
81, 23, 0.9210371375083923, 0.21781153976917267
81, 4, 0.8205422759056091, 0.4908665418624878
81, 0, 0.9196974635124207, 0.22444301843643188
81, 14, 0.8504647612571716, 0.41160324215888977
81, 15, 0.8989738821983337, 0.2862546145915985
81, 10, 0.9043282270431519, 0.25600650906562805
81, 2, 0.9299188852310181, 0.20700350403785706
81, 20, 0.9137727618217468, 0.24748972058296204
81, 18, 0.9278653264045715, 0.20678554475307465
82, 10, 0.9057196378707886, 0.2520093619823456
82, 22, 0.8456374406814575, 0.4042663872241974
82, 3, 0.7815036177635193, 0.5700442790985107
82, 23, 0.9227526783943176, 0.2173687368631363
82, 0, 0.9188950657844543, 0.2259417027235031
82, 18, 0.9276220798492432, 0.20665793120861053
82, 2, 0.92979896068573, 0.20436306297779083
82, 5, 0.9034931063652039, 0.2701440453529358
82, 20, 0.9136095643043518, 0.2463897317647934
82, 15, 0.9000439643859863, 0.283890962600708
83, 23, 0.9220909476280212, 0.21639575064182281
83, 22, 0.8688479661941528, 0.3555739223957062
83, 0, 0.92005854845047, 0.22319447994232178
83, 16, 0.8052485585212708, 0.4779919981956482
83, 6, 0.8617911338806152, 0.3590993583202362
83, 2, 0.9302785396575928, 0.203164204955101
83, 20, 0.9131199717521667, 0.24828429520130157
83, 18, 0.9280738234519958, 0.20739266276359558
83, 15, 0.8987254500389099, 0.28656378388404846
83, 9, 0.8367547392845154, 0.40867218375205994
84, 12, 0.8490602970123291, 0.4073532819747925
84, 22, 0.8735450506210327, 0.342731773853302
84, 23, 0.9227771759033203, 0.21441498398780823
84, 10, 0.8992895483970642, 0.2690015435218811
84, 2, 0.9328764081001282, 0.20055735111236572
84, 15, 0.8994898200035095, 0.2840862572193146
84, 18, 0.9283691644668579, 0.2055809497833252
84, 0, 0.9196573495864868, 0.22230328619480133
84, 20, 0.9133738279342651, 0.24532467126846313
84, 9, 0.8474370837211609, 0.3820483386516571
85, 9, 0.8475834131240845, 0.3806025981903076
85, 23, 0.9219929575920105, 0.21689574420452118
85, 22, 0.8773027062416077, 0.33245307207107544
85, 21, 0.797376275062561, 0.5114180445671082
85, 15, 0.8994133472442627, 0.2828270494937897
85, 6, 0.8716238141059875, 0.3399156332015991
85, 20, 0.9133012890815735, 0.24555529654026031
85, 2, 0.9303584694862366, 0.2029666006565094
85, 18, 0.9285950064659119, 0.20618432760238647
85, 0, 0.9195570349693298, 0.2226797342300415
86, 2, 0.9319971203804016, 0.2016778588294983
86, 23, 0.9234634041786194, 0.21250315010547638
86, 0, 0.9207406640052795, 0.2211431860923767
86, 5, 0.8931141495704651, 0.30082544684410095
86, 20, 0.91326504945755, 0.24481703341007233
86, 8, 0.8270543217658997, 0.44060859084129333
86, 17, 0.7807188630104065, 0.5304502248764038
86, 15, 0.901362419128418, 0.2811075747013092
86, 10, 0.8991208672523499, 0.27368029952049255
86, 18, 0.9294636845588684, 0.2025451958179474
87, 5, 0.9057825803756714, 0.2658393085002899
87, 8, 0.8403124213218689, 0.3977774381637573
87, 15, 0.9028910994529724, 0.27886340022087097
87, 2, 0.9320770502090454, 0.199175626039505
87, 23, 0.9227281808853149, 0.21388547122478485
87, 13, 0.8294053673744202, 0.5428436994552612
87, 10, 0.9072797298431396, 0.24861524999141693
87, 0, 0.9216634035110474, 0.21879355609416962
87, 20, 0.9146975874900818, 0.24247951805591583
87, 18, 0.9289772510528564, 0.20436564087867737
88, 12, 0.8506733179092407, 0.40794339776039124
88, 5, 0.9080720543861389, 0.2622576355934143
88, 23, 0.9235123991966248, 0.21156181395053864
88, 19, 0.8439780473709106, 0.40834206342697144
88, 2, 0.9319971203804016, 0.2003026306629181
88, 15, 0.9018974900245667, 0.2792971134185791
88, 10, 0.9067527055740356, 0.24787749350070953
88, 0, 0.9195972084999084, 0.22104047238826752
88, 18, 0.9293246865272522, 0.20475594699382782
88, 20, 0.91326504945755, 0.24511076509952545
89, 23, 0.9235859513282776, 0.21273323893547058
89, 22, 0.8632343411445618, 0.36205676198005676
89, 5, 0.9082247018814087, 0.26002228260040283
89, 6, 0.8670134544372559, 0.34701597690582275
89, 15, 0.900922954082489, 0.2809036076068878
89, 2, 0.9320770502090454, 0.19917190074920654
89, 13, 0.8446967005729675, 0.4660981297492981
89, 20, 0.9148064255714417, 0.2429957538843155
89, 0, 0.9203193783760071, 0.2219116985797882
89, 18, 0.9292551875114441, 0.20405863225460052
90, 5, 0.9085517525672913, 0.25863540172576904
90, 8, 0.8371838331222534, 0.4127299189567566
90, 23, 0.9227526783943176, 0.213979572057724
90, 3, 0.770043671131134, 0.5899396538734436
90, 2, 0.931837260723114, 0.20001806318759918
90, 20, 0.9148245453834534, 0.241364985704422
90, 15, 0.901496171951294, 0.278915137052536
90, 6, 0.8831497430801392, 0.3110980987548828
90, 0, 0.9211017489433289, 0.21953962743282318
90, 18, 0.929185688495636, 0.20518586039543152
91, 23, 0.9244436621665955, 0.21281756460666656
91, 10, 0.899774432182312, 0.2787400186061859
91, 5, 0.910426914691925, 0.2554749548435211
91, 16, 0.8024577498435974, 0.48144960403442383
91, 14, 0.845165491104126, 0.419873982667923
91, 2, 0.9314775466918945, 0.19935621321201324
91, 20, 0.9151691198348999, 0.24110913276672363
91, 15, 0.9023178219795227, 0.278473824262619
91, 0, 0.9220244884490967, 0.21825601160526276
91, 18, 0.930332362651825, 0.2014184147119522
92, 23, 0.9247132539749146, 0.2099781185388565
92, 12, 0.8493779897689819, 0.41195905208587646
92, 5, 0.910950243473053, 0.2529955506324768
92, 20, 0.9147520065307617, 0.24140451848506927
92, 15, 0.9018592238426208, 0.2785969078540802
92, 2, 0.9322568774223328, 0.19699271023273468
92, 10, 0.9082705974578857, 0.24613425135612488
92, 14, 0.8667619824409485, 0.3638402223587036
92, 0, 0.9202792644500732, 0.2190236747264862
92, 18, 0.9297590255737305, 0.2017216980457306
93, 23, 0.9239780306816101, 0.20990896224975586
93, 9, 0.8361903429031372, 0.4188386797904968
93, 3, 0.7907117009162903, 0.544014573097229
93, 2, 0.9313376545906067, 0.19801068305969238
93, 14, 0.8722715377807617, 0.3490998446941376
93, 15, 0.9037509560585022, 0.2759558856487274
93, 20, 0.9155861735343933, 0.23978717625141144
93, 18, 0.9303149580955505, 0.20089580118656158
93, 6, 0.872990608215332, 0.3315989375114441
93, 0, 0.9223053455352783, 0.21746079623699188
94, 23, 0.924541711807251, 0.20784462988376617
94, 5, 0.9039728045463562, 0.27699998021125793
94, 6, 0.8848837018013, 0.3032822012901306
94, 8, 0.8288264870643616, 0.42465347051620483
94, 15, 0.904266893863678, 0.276009738445282
94, 2, 0.9324167966842651, 0.19895069301128387
94, 17, 0.7819527983665466, 0.5316169261932373
94, 20, 0.9150059223175049, 0.2377455234527588
94, 0, 0.921944260597229, 0.21625390648841858
94, 18, 0.9301238656044006, 0.20111095905303955
95, 23, 0.9233163595199585, 0.2089260220527649
95, 6, 0.8894124627113342, 0.2977890968322754
95, 5, 0.9098600149154663, 0.2527153193950653
95, 2, 0.9332160949707031, 0.1954829841852188
95, 17, 0.8090395331382751, 0.47014543414115906
95, 15, 0.9056426882743835, 0.2731791138648987
95, 18, 0.9314095377922058, 0.1998615860939026
95, 20, 0.9150059223175049, 0.23959210515022278
95, 8, 0.8429158926010132, 0.388757586479187
95, 0, 0.9226865172386169, 0.2158099263906479
96, 23, 0.9248602986335754, 0.20794419944286346
96, 12, 0.853899359703064, 0.436177521944046
96, 22, 0.8454083204269409, 0.40346431732177734
96, 10, 0.8990365266799927, 0.2739166021347046
96, 9, 0.8379254341125488, 0.4164935052394867
96, 20, 0.914516270160675, 0.23951362073421478
96, 15, 0.9045726656913757, 0.2711810767650604
96, 2, 0.9330562353134155, 0.19619207084178925
96, 0, 0.9230074882507324, 0.21456770598888397
96, 18, 0.9304192066192627, 0.20261068642139435
97, 6, 0.8823745250701904, 0.31384751200675964
97, 19, 0.8520239591598511, 0.3973295986652374
97, 7, 0.7979456782341003, 0.5162950158119202
97, 2, 0.932636559009552, 0.19676607847213745
97, 5, 0.9043652415275574, 0.2762639820575714
97, 23, 0.9244927167892456, 0.20801161229610443
97, 20, 0.9166198372840881, 0.23682178556919098
97, 15, 0.9039802551269531, 0.27333375811576843
97, 18, 0.9313921332359314, 0.19770488142967224
97, 0, 0.923027515411377, 0.21461348235607147
98, 10, 0.900111734867096, 0.27054131031036377
98, 13, 0.8315297961235046, 0.5172121524810791
98, 23, 0.9243701696395874, 0.20613405108451843
98, 14, 0.8578668236732483, 0.39585503935813904
98, 9, 0.8407266736030579, 0.4039871096611023
98, 2, 0.9332960247993469, 0.19666245579719543
98, 0, 0.9228871464729309, 0.21541425585746765
98, 18, 0.9317222237586975, 0.19704559445381165
98, 15, 0.9032732844352722, 0.27422961592674255
98, 20, 0.9158944487571716, 0.24023504555225372
99, 11, 0.8024111986160278, 0.509916365146637
99, 5, 0.9027953147888184, 0.273854523897171
99, 23, 0.9263307452201843, 0.20442496240139008
99, 2, 0.9331561326980591, 0.19607457518577576
99, 20, 0.9155861735343933, 0.23798568546772003
99, 6, 0.8827417492866516, 0.3076323866844177
99, 15, 0.9050885438919067, 0.268534392118454
99, 18, 0.9322781562805176, 0.19791531562805176
99, 22, 0.8570250272750854, 0.3789181411266327
99, 0, 0.9231078028678894, 0.2132931351661682
100, 23, 0.9262572526931763, 0.2035994529724121
100, 7, 0.8061382174491882, 0.4962865114212036
100, 9, 0.8422526717185974, 0.40523603558540344
100, 6, 0.890514075756073, 0.292705774307251
100, 2, 0.9334958791732788, 0.19300347566604614
100, 20, 0.9155136346817017, 0.2363666296005249
100, 14, 0.8663414120674133, 0.3713805079460144
100, 0, 0.9236694574356079, 0.21289464831352234
100, 18, 0.9319654703140259, 0.19561539590358734
100, 15, 0.904438853263855, 0.2711867094039917
