1, 7, 0.4734361171722412, 1.4016729593276978
1, 12, 0.6193269491195679, 1.0916414260864258
1, 9, 0.49251610040664673, 1.3591539859771729
1, 14, 0.5707826614379883, 1.1989359855651855
1, 23, 0.6453288793563843, 1.03513503074646
1, 3, 0.5460402965545654, 1.276877522468567
1, 19, 0.45109015703201294, 1.448136329650879
1, 13, 0.5938392281532288, 1.165913701057434
1, 11, 0.5468640327453613, 1.2501038312911987
1, 6, 0.45475316047668457, 1.4330672025680542
1, 8, 0.5193182826042175, 1.239057183265686
1, 2, 0.5241597294807434, 1.2854453325271606
1, 16, 0.5378001928329468, 1.2022000551223755
1, 0, 0.5846055150032043, 1.1434648036956787
1, 21, 0.509794294834137, 1.3533939123153687
1, 22, 0.41749152541160583, 1.4871370792388916
1, 5, 0.5655444860458374, 1.2161943912506104
1, 20, 0.5303835272789001, 1.243626594543457
1, 15, 0.47042974829673767, 1.4071054458618164
1, 1, 0.4722784757614136, 1.3865678310394287
1, 4, 0.5041362047195435, 1.3570213317871094
1, 17, 0.39117541909217834, 1.5342155694961548
1, 10, 0.5643328428268433, 1.2106415033340454
1, 18, 0.4946924149990082, 1.3403457403182983
2, 12, 0.7393503785133362, 0.7675458788871765
2, 23, 0.7534065246582031, 0.7356629967689514
2, 11, 0.6720926761627197, 0.883902370929718
2, 4, 0.6675512790679932, 0.9646101593971252
2, 22, 0.6134176254272461, 1.0071666240692139
2, 5, 0.7069687247276306, 0.8412177562713623
2, 19, 0.6546620726585388, 0.9385454654693604
2, 16, 0.677207350730896, 0.8452386260032654
2, 21, 0.6792869567871094, 0.9062507748603821
2, 13, 0.7246896624565125, 0.8323007822036743
2, 8, 0.6813468337059021, 0.8589395880699158
2, 10, 0.6932936906814575, 0.8511078357696533
2, 3, 0.6786988377571106, 0.9236948490142822
2, 7, 0.6624811887741089, 0.9455550909042358
2, 9, 0.6658374667167664, 0.880042552947998
2, 14, 0.7313159704208374, 0.7836597561836243
2, 0, 0.7049689888954163, 0.8097245693206787
2, 1, 0.6552505493164062, 0.9341108798980713
2, 2, 0.6741536855697632, 0.8840974569320679
2, 6, 0.6548143625259399, 0.9487615823745728
2, 15, 0.645500898361206, 1.019439697265625
2, 17, 0.6253433227539062, 1.0401692390441895
2, 20, 0.6569951772689819, 0.8891345262527466
2, 18, 0.6992477178573608, 0.8531141877174377
3, 23, 0.8015390634536743, 0.5535377860069275
3, 12, 0.7884253263473511, 0.5868781208992004
3, 21, 0.7252241969108582, 0.6944819688796997
3, 4, 0.7023621797561646, 0.8009494543075562
3, 5, 0.7420740723609924, 0.6665458083152771
3, 22, 0.686738133430481, 0.7727991938591003
3, 11, 0.7190505266189575, 0.6922885179519653
3, 13, 0.7641240358352661, 0.6795192956924438
3, 16, 0.7190250158309937, 0.6616470217704773
3, 6, 0.7091595530509949, 0.7180056571960449
3, 1, 0.7145836353302002, 0.718380868434906
3, 7, 0.7226899266242981, 0.7093084454536438
3, 3, 0.7204583883285522, 0.7275451421737671
3, 8, 0.7381640076637268, 0.6513904929161072
3, 19, 0.7074928879737854, 0.7188965082168579
3, 15, 0.7031891942024231, 0.795211672782898
3, 9, 0.7274855971336365, 0.6886089444160461
3, 10, 0.7362173795700073, 0.6646453738212585
3, 20, 0.7066642642021179, 0.7200285196304321
3, 17, 0.6914381384849548, 0.7961839437484741
3, 14, 0.7671278715133667, 0.6187908053398132
3, 2, 0.7275888323783875, 0.6883975863456726
3, 0, 0.7614194750785828, 0.6176945567131042
3, 18, 0.7448009848594666, 0.6886484026908875
4, 23, 0.8102636933326721, 0.5105219483375549
4, 21, 0.7340591549873352, 0.6565847396850586
4, 7, 0.7358638048171997, 0.6657734513282776
4, 2, 0.7494704723358154, 0.634151816368103
4, 8, 0.751728355884552, 0.6095989346504211
4, 12, 0.8014761805534363, 0.5352481603622437
4, 11, 0.7345545887947083, 0.6562762260437012
4, 4, 0.7125711441040039, 0.7835044264793396
4, 16, 0.7294456362724304, 0.6286225914955139
4, 0, 0.7771871089935303, 0.5791429281234741
4, 19, 0.7212501764297485, 0.67207270860672
4, 22, 0.7020438313484192, 0.7217199802398682
4, 3, 0.7335904836654663, 0.6884207129478455
4, 13, 0.7794374823570251, 0.6230067014694214
4, 5, 0.7543718218803406, 0.6292101144790649
4, 9, 0.7383560538291931, 0.65302973985672
4, 14, 0.7764646410942078, 0.5868565440177917
4, 17, 0.7039565443992615, 0.7366983890533447
4, 10, 0.748592734336853, 0.6102566719055176
4, 6, 0.7148102521896362, 0.6760307550430298
4, 1, 0.7313869595527649, 0.6704192161560059
4, 18, 0.7669174075126648, 0.6260119080543518
4, 15, 0.7260428667068481, 0.7304641008377075
4, 20, 0.7207543849945068, 0.687161922454834
5, 12, 0.8049466013908386, 0.5188323259353638
5, 23, 0.8175423741340637, 0.48267805576324463
5, 4, 0.7267488837242126, 0.7407861948013306
5, 5, 0.7603680491447449, 0.6067009568214417
5, 17, 0.7182860374450684, 0.698897123336792
5, 16, 0.7347797751426697, 0.6121399998664856
5, 11, 0.7363137602806091, 0.6480275988578796
5, 0, 0.784990668296814, 0.5702128410339355
5, 22, 0.7111859321594238, 0.6936956644058228
5, 19, 0.7274602055549622, 0.6519696712493896
5, 3, 0.738116443157196, 0.6737201809883118
5, 13, 0.7846378684043884, 0.6028465032577515
5, 21, 0.7384543418884277, 0.6365935802459717
5, 8, 0.7532160878181458, 0.6005949378013611
5, 9, 0.7419934868812561, 0.6435636878013611
5, 7, 0.7481937408447266, 0.6383846402168274
5, 1, 0.7372621297836304, 0.6599377393722534
5, 10, 0.7553601861000061, 0.5900758504867554
5, 14, 0.7810909748077393, 0.5733147263526917
5, 6, 0.7207058072090149, 0.6648662686347961
5, 15, 0.7345460653305054, 0.7024277448654175
5, 2, 0.7642380595207214, 0.6052789688110352
5, 20, 0.732505202293396, 0.6688101291656494
5, 18, 0.7789050936698914, 0.5933101177215576
6, 16, 0.7413517832756042, 0.6032416820526123
6, 5, 0.7654921412467957, 0.5972863435745239
6, 10, 0.7623805999755859, 0.5706028938293457
6, 6, 0.7324969172477722, 0.6387242674827576
6, 12, 0.8094679713249207, 0.5095548033714294
6, 22, 0.7160205245018005, 0.6787469387054443
6, 2, 0.7734702825546265, 0.5868414044380188
6, 15, 0.7428582310676575, 0.6814845204353333
6, 3, 0.7423080205917358, 0.6622743010520935
6, 23, 0.8203607201576233, 0.48112034797668457
6, 21, 0.7422471046447754, 0.6304892301559448
6, 11, 0.7433269023895264, 0.6338405013084412
6, 4, 0.7354994416236877, 0.7260015606880188
6, 14, 0.7845186591148376, 0.5696403980255127
6, 13, 0.7907455563545227, 0.5862355828285217
6, 7, 0.7549041509628296, 0.622978150844574
6, 8, 0.7580292224884033, 0.588250458240509
6, 19, 0.734758198261261, 0.6334894895553589
6, 17, 0.7218683958053589, 0.6849820017814636
6, 9, 0.7458608746528625, 0.627875030040741
6, 1, 0.7451224327087402, 0.6403993964195251
6, 0, 0.7960440516471863, 0.5500058531761169
6, 18, 0.7863062024116516, 0.5774734020233154
6, 20, 0.7394505143165588, 0.6539978981018066
7, 4, 0.7433653473854065, 0.6874744296073914
7, 13, 0.7947067022323608, 0.574695885181427
7, 3, 0.7442477345466614, 0.6547134518623352
7, 21, 0.7502119541168213, 0.617049515247345
7, 12, 0.8136471509933472, 0.5026859641075134
7, 23, 0.8229830265045166, 0.4703883230686188
7, 19, 0.744617223739624, 0.6172711849212646
7, 2, 0.7837216854095459, 0.5646514296531677
7, 11, 0.7460712194442749, 0.6238893866539001
7, 22, 0.7170745134353638, 0.6684513092041016
7, 16, 0.7459431290626526, 0.5926329493522644
7, 5, 0.7739741206169128, 0.5774456858634949
7, 8, 0.7591668963432312, 0.5843633413314819
7, 9, 0.7499582171440125, 0.6200584173202515
7, 10, 0.7644045352935791, 0.5660232901573181
7, 14, 0.7874626517295837, 0.5551841855049133
7, 18, 0.7940548062324524, 0.559841513633728
7, 7, 0.759268045425415, 0.609043538570404
7, 0, 0.7985717058181763, 0.541839599609375
7, 6, 0.7432272434234619, 0.6220247149467468
7, 1, 0.7533837556838989, 0.6274997591972351
7, 17, 0.7316005229949951, 0.6575707793235779
7, 15, 0.7451130151748657, 0.672721803188324
7, 20, 0.7435306906700134, 0.6425105929374695
8, 23, 0.8265120983123779, 0.45986658334732056
8, 8, 0.7629736661911011, 0.5756927132606506
8, 13, 0.7995308637619019, 0.573180079460144
8, 10, 0.7687053084373474, 0.5573312640190125
8, 14, 0.7945493459701538, 0.5455911159515381
8, 15, 0.746966540813446, 0.6670536994934082
8, 4, 0.7526180148124695, 0.6560510993003845
8, 12, 0.8172153234481812, 0.4989708662033081
8, 11, 0.7482759952545166, 0.6148646473884583
8, 16, 0.7452003955841064, 0.5879215598106384
8, 21, 0.7556557059288025, 0.6106914281845093
8, 22, 0.7300660014152527, 0.6433160901069641
8, 19, 0.7563120722770691, 0.5940966606140137
8, 3, 0.7465441823005676, 0.6463120579719543
8, 5, 0.7769395112991333, 0.5725988149642944
8, 7, 0.765649139881134, 0.5999652743339539
8, 9, 0.7552888989448547, 0.6096404194831848
8, 17, 0.7364367246627808, 0.6511914134025574
8, 1, 0.7569930553436279, 0.611946165561676
8, 6, 0.7528151869773865, 0.6007038354873657
8, 2, 0.7891970872879028, 0.547829806804657
8, 0, 0.8006178736686707, 0.5350553393363953
8, 20, 0.7541572451591492, 0.623736560344696
8, 18, 0.8027936816215515, 0.5375081896781921
9, 11, 0.7522165179252625, 0.6057939529418945
9, 22, 0.7346255779266357, 0.6358279585838318
9, 19, 0.7629527449607849, 0.5806244611740112
9, 3, 0.7483278512954712, 0.6389688849449158
9, 10, 0.7791411280632019, 0.5379011034965515
9, 21, 0.7627950310707092, 0.5934703350067139
9, 23, 0.8321242928504944, 0.4538426995277405
9, 4, 0.7568976283073425, 0.6396288871765137
9, 13, 0.8096439242362976, 0.5490461587905884
9, 16, 0.7494542002677917, 0.5803515315055847
9, 12, 0.8197570443153381, 0.4873047471046448
9, 2, 0.7966508269309998, 0.5332062244415283
9, 5, 0.7835245132446289, 0.559219241142273
9, 9, 0.7589263319969177, 0.6015440821647644
9, 8, 0.7654021382331848, 0.570564329624176
9, 7, 0.767357587814331, 0.5920892953872681
9, 1, 0.7668785452842712, 0.5955671668052673
9, 0, 0.8051716089248657, 0.5254747271537781
9, 14, 0.7954745888710022, 0.5449878573417664
9, 20, 0.7598875761032104, 0.6083558797836304
9, 6, 0.7601795196533203, 0.5832766890525818
9, 15, 0.750004768371582, 0.6568238735198975
9, 17, 0.7359590530395508, 0.644025444984436
9, 18, 0.8102989792823792, 0.5173465609550476
10, 23, 0.8334231972694397, 0.4488890469074249
10, 22, 0.7442260384559631, 0.6158031225204468
10, 16, 0.7574441432952881, 0.5674045085906982
10, 7, 0.7733681797981262, 0.5770145654678345
10, 1, 0.7745583653450012, 0.5805763006210327
10, 14, 0.8007107973098755, 0.5298442244529724
10, 12, 0.8238629698753357, 0.4795316457748413
10, 11, 0.7623962163925171, 0.5888007879257202
10, 4, 0.7607707977294922, 0.6213392615318298
10, 19, 0.7711345553398132, 0.5663679242134094
10, 3, 0.7512485384941101, 0.6350000500679016
10, 5, 0.787580132484436, 0.5454461574554443
10, 13, 0.8122994303703308, 0.5383923053741455
10, 8, 0.7704122066497803, 0.5608444213867188
10, 9, 0.7644242644309998, 0.5931705832481384
10, 10, 0.7886281609535217, 0.5225030779838562
10, 2, 0.7929939031600952, 0.5323362350463867
10, 6, 0.7679722309112549, 0.5636906623840332
10, 17, 0.7353619933128357, 0.6444054841995239
10, 0, 0.8088427186012268, 0.51288902759552
10, 15, 0.7545716762542725, 0.6455547213554382
10, 20, 0.761646568775177, 0.6025047898292542
10, 18, 0.8146771192550659, 0.5091466903686523
10, 21, 0.7652715444564819, 0.5928388237953186
11, 22, 0.7471588253974915, 0.6092743873596191
11, 19, 0.7792937755584717, 0.5527600049972534
11, 4, 0.7682781219482422, 0.5913795828819275
11, 21, 0.7680826187133789, 0.5838750600814819
11, 10, 0.7984736561775208, 0.49735647439956665
11, 14, 0.8235059380531311, 0.4754793643951416
11, 7, 0.7731006145477295, 0.5737659931182861
11, 9, 0.7456936240196228, 0.6366798281669617
11, 1, 0.7779471278190613, 0.5734625458717346
11, 17, 0.7367949485778809, 0.6430577635765076
11, 6, 0.7575887441635132, 0.5852148532867432
11, 15, 0.749890148639679, 0.6613551378250122
11, 18, 0.8132177591323853, 0.5122711658477783
12, 4, 0.7875006198883057, 0.5378052592277527
12, 22, 0.759967029094696, 0.5824641585350037
12, 13, 0.8287193775177002, 0.4959639012813568
12, 3, 0.7589851021766663, 0.6181135177612305
12, 7, 0.7798316478729248, 0.5562324523925781
12, 1, 0.7890757918357849, 0.5461609959602356
12, 2, 0.8082011342048645, 0.5006868243217468
12, 9, 0.783928394317627, 0.5488750338554382
12, 14, 0.8337469100952148, 0.45294275879859924
12, 6, 0.7790085673332214, 0.5307263731956482
12, 17, 0.7527166604995728, 0.6046223044395447
12, 15, 0.7722469568252563, 0.5909932255744934
12, 18, 0.8463836908340454, 0.4244326949119568
13, 11, 0.7655158042907715, 0.579099178314209
13, 4, 0.7946253418922424, 0.5133218169212341
13, 22, 0.7665658593177795, 0.5679791569709778
13, 3, 0.7605680823326111, 0.610734224319458
13, 10, 0.8144540786743164, 0.467255175113678
13, 1, 0.7968759536743164, 0.5336087942123413
13, 15, 0.7870559692382812, 0.5573776960372925
13, 9, 0.7921649217605591, 0.5178986191749573
13, 17, 0.7606973648071289, 0.5883992314338684
13, 5, 0.7959749102592468, 0.524071216583252
13, 14, 0.8389830589294434, 0.43705230951309204
13, 7, 0.7871389985084534, 0.5436835289001465
13, 18, 0.8549662232398987, 0.40207138657569885
14, 22, 0.7721107006072998, 0.5567958950996399
14, 14, 0.8454388976097107, 0.42537277936935425
14, 6, 0.7880048751831055, 0.5061143040657043
14, 1, 0.8051372766494751, 0.510369062423706
14, 2, 0.8127173185348511, 0.4852455258369446
14, 17, 0.7641006112098694, 0.5755001306533813
14, 7, 0.7898149490356445, 0.5382083654403687
14, 18, 0.8622109293937683, 0.3886648416519165
14, 3, 0.7669669389724731, 0.5937264561653137
14, 13, 0.837460458278656, 0.47478407621383667
14, 4, 0.8046430349349976, 0.488176554441452
14, 15, 0.8044064044952393, 0.5206382870674133
14, 9, 0.7987080812454224, 0.49794748425483704
15, 4, 0.8122220635414124, 0.4749153256416321
15, 16, 0.7730638384819031, 0.5414440631866455
15, 9, 0.8045614361763, 0.48389995098114014
15, 5, 0.8040861487388611, 0.5021132230758667
15, 7, 0.7906794548034668, 0.5367351770401001
15, 10, 0.828073263168335, 0.4404710829257965
15, 1, 0.809428334236145, 0.4987824559211731
15, 3, 0.7746142745018005, 0.5803158283233643
15, 14, 0.8501282930374146, 0.41328901052474976
15, 17, 0.7700513601303101, 0.5624799132347107
15, 15, 0.8161389827728271, 0.4963608980178833
15, 20, 0.7708224058151245, 0.5776528120040894
15, 18, 0.8653555512428284, 0.37833768129348755
16, 4, 0.8229809403419495, 0.4529981315135956
16, 22, 0.7726147770881653, 0.5521034002304077
16, 19, 0.795272171497345, 0.518309473991394
16, 13, 0.8423731327056885, 0.45755696296691895
16, 3, 0.7803888320922852, 0.5691313147544861
16, 14, 0.8515161871910095, 0.4037954807281494
16, 7, 0.7932113409042358, 0.5298968553543091
16, 2, 0.8160345554351807, 0.47281256318092346
16, 9, 0.8082197308540344, 0.47465041279792786
16, 6, 0.795654833316803, 0.4890179932117462
16, 17, 0.7740118503570557, 0.5537357926368713
16, 15, 0.825788676738739, 0.47590896487236023
16, 18, 0.86844801902771, 0.36944541335105896
17, 4, 0.8277148008346558, 0.44254550337791443
17, 10, 0.8332384824752808, 0.4273121953010559
17, 5, 0.8083598613739014, 0.4925002455711365
17, 11, 0.7798236012458801, 0.5589020848274231
17, 16, 0.7777903079986572, 0.5328458547592163
17, 1, 0.813859760761261, 0.49198001623153687
17, 20, 0.7863813638687134, 0.5401709675788879
17, 18, 0.8729825019836426, 0.3637888729572296
17, 9, 0.8103938698768616, 0.4667089581489563
17, 3, 0.782060980796814, 0.5644426345825195
17, 14, 0.8538503646850586, 0.3957071304321289
17, 7, 0.7971429228782654, 0.5209105610847473
17, 15, 0.8303173780441284, 0.46368810534477234
18, 19, 0.796881377696991, 0.5100816488265991
18, 13, 0.8479939699172974, 0.44315066933631897
18, 4, 0.8367761969566345, 0.42394721508026123
18, 7, 0.7990160584449768, 0.5185019373893738
18, 22, 0.7803821563720703, 0.5390539765357971
18, 2, 0.8186923265457153, 0.46535566449165344
18, 18, 0.8748762011528015, 0.3548913896083832
18, 21, 0.7902145981788635, 0.5218270421028137
18, 14, 0.8568785190582275, 0.3908720910549164
18, 9, 0.8155782222747803, 0.45861607789993286
18, 17, 0.7731759548187256, 0.552609384059906
18, 6, 0.7979804277420044, 0.4831853210926056
18, 15, 0.837425708770752, 0.44909384846687317
19, 4, 0.8395017385482788, 0.4191247224807739
19, 16, 0.7839796543121338, 0.5189942717552185
19, 3, 0.7825738191604614, 0.5632152557373047
19, 14, 0.860390305519104, 0.3838745653629303
19, 8, 0.7943029403686523, 0.5123379230499268
19, 7, 0.801403820514679, 0.5104008316993713
19, 17, 0.7832463979721069, 0.5297428965568542
19, 15, 0.839928925037384, 0.4449024796485901
19, 18, 0.8763355612754822, 0.3520653545856476
19, 11, 0.7853825688362122, 0.5400627255439758
19, 9, 0.8189229965209961, 0.45277753472328186
19, 10, 0.839015007019043, 0.41358521580696106
19, 1, 0.8183313012123108, 0.48290175199508667
20, 13, 0.8519772291183472, 0.4342193007469177
20, 22, 0.7853771448135376, 0.5239869952201843
20, 4, 0.8473915457725525, 0.4044114649295807
20, 14, 0.8627665638923645, 0.37717580795288086
20, 5, 0.816798210144043, 0.47439372539520264
20, 7, 0.8024330735206604, 0.5100539922714233
20, 2, 0.8271651864051819, 0.4448391795158386
20, 6, 0.8055895566940308, 0.47014451026916504
20, 9, 0.8195292353630066, 0.44708308577537537
20, 17, 0.7885403633117676, 0.5207756161689758
20, 15, 0.8441900610923767, 0.434621125459671
20, 0, 0.824590265750885, 0.4593115746974945
20, 18, 0.8796191811561584, 0.3408098816871643
21, 4, 0.84923255443573, 0.40307632088661194
21, 5, 0.8225764036178589, 0.4596017599105835
21, 21, 0.7967739105224609, 0.5041584372520447
21, 16, 0.7890887260437012, 0.5066887140274048
21, 3, 0.7853384613990784, 0.5552234053611755
21, 10, 0.8440115451812744, 0.4002126157283783
21, 1, 0.8214593529701233, 0.474243700504303
21, 11, 0.7898625731468201, 0.5295259952545166
21, 15, 0.8460245132446289, 0.42713239789009094
21, 14, 0.8633132576942444, 0.3754502236843109
21, 9, 0.81975919008255, 0.44388332962989807
21, 17, 0.7904908061027527, 0.5141932964324951
21, 18, 0.8817387223243713, 0.33494311571121216
22, 4, 0.8538230061531067, 0.3902814984321594
22, 22, 0.7888827919960022, 0.5170408487319946
22, 3, 0.7898421287536621, 0.5480703711509705
22, 16, 0.7973712086677551, 0.49249792098999023
22, 13, 0.8561596870422363, 0.4177405536174774
22, 7, 0.8033181428909302, 0.5077078342437744
22, 2, 0.8284240961074829, 0.44808244705200195
22, 9, 0.8236892819404602, 0.4409889280796051
22, 6, 0.8060791492462158, 0.4634779691696167
22, 14, 0.864385724067688, 0.3699387311935425
22, 17, 0.7947498559951782, 0.5099986791610718
22, 15, 0.8487952351570129, 0.42249011993408203
22, 18, 0.8838756680488586, 0.3289291560649872
23, 4, 0.8576961755752563, 0.3812066912651062
23, 11, 0.799854576587677, 0.5117499828338623
23, 16, 0.8007697463035583, 0.4912359416484833
23, 21, 0.7981125116348267, 0.4968087375164032
23, 3, 0.7921831607818604, 0.5444794297218323
23, 5, 0.8241463303565979, 0.45950543880462646
23, 14, 0.8666989207267761, 0.3645617961883545
23, 9, 0.8244418501853943, 0.4346073567867279
23, 1, 0.8237252235412598, 0.46720099449157715
23, 10, 0.8499357104301453, 0.3892516493797302
23, 15, 0.8540500402450562, 0.41127994656562805
23, 18, 0.887454628944397, 0.3220999538898468
23, 20, 0.7992202639579773, 0.5109765529632568
24, 3, 0.7931864857673645, 0.5374221801757812
24, 13, 0.85868239402771, 0.4122227132320404
24, 22, 0.7966960072517395, 0.5011743903160095
24, 15, 0.8552156090736389, 0.40483713150024414
24, 7, 0.8006422519683838, 0.5115976929664612
24, 17, 0.7918640375137329, 0.512999951839447
24, 23, 0.8596951365470886, 0.38004162907600403
24, 18, 0.8880453109741211, 0.3192238211631775
24, 19, 0.8034767508506775, 0.4882581830024719
24, 6, 0.8114238977432251, 0.45161715149879456
24, 9, 0.8268668055534363, 0.4321630895137787
24, 14, 0.8672456741333008, 0.3616410493850708
24, 2, 0.8319011926651001, 0.43496790528297424
25, 4, 0.8505474925041199, 0.4004729092121124
25, 3, 0.7943681478500366, 0.5358235836029053
25, 5, 0.8330644369125366, 0.44228899478912354
25, 14, 0.8684653043746948, 0.3579765856266022
25, 10, 0.8555225133895874, 0.376928448677063
25, 15, 0.857451319694519, 0.3970608711242676
25, 16, 0.8066890239715576, 0.4798150062561035
25, 9, 0.8287691473960876, 0.42819151282310486
25, 18, 0.8909987807273865, 0.31424254179000854
25, 11, 0.8112539052963257, 0.49015265703201294
25, 1, 0.8269535303115845, 0.4589662551879883
25, 0, 0.8316716551780701, 0.44379740953445435
25, 20, 0.80948406457901, 0.48642298579216003
26, 13, 0.86122727394104, 0.40549236536026
26, 21, 0.8054749965667725, 0.48391634225845337
26, 3, 0.7983367443084717, 0.5285711884498596
26, 22, 0.8005223870277405, 0.49615880846977234
26, 2, 0.8382358551025391, 0.4268753230571747
26, 15, 0.8610054850578308, 0.39139777421951294
26, 4, 0.8583416938781738, 0.3813163638114929
26, 18, 0.8925623893737793, 0.30886903405189514
26, 6, 0.814953088760376, 0.44471070170402527
26, 14, 0.870778501033783, 0.35407936573028564
26, 9, 0.828518271446228, 0.4253215491771698
26, 17, 0.7950881719589233, 0.5078709125518799
26, 7, 0.8018978834152222, 0.508903980255127
27, 12, 0.8478871583938599, 0.41345638036727905
27, 4, 0.8641275763511658, 0.37191304564476013
27, 11, 0.8135291337966919, 0.48660001158714294
27, 16, 0.8077918291091919, 0.47732552886009216
27, 1, 0.8294199109077454, 0.45376524329185486
27, 7, 0.8074349761009216, 0.4952523708343506
27, 15, 0.8608335256576538, 0.3875255584716797
27, 3, 0.798069179058075, 0.5273560881614685
27, 14, 0.8693274855613708, 0.35216566920280457
27, 5, 0.8372727036476135, 0.43445098400115967
27, 18, 0.8949078321456909, 0.30161038041114807
27, 20, 0.8151781558990479, 0.4733659625053406
27, 9, 0.830566942691803, 0.42127352952957153
28, 5, 0.8436614274978638, 0.41717058420181274
28, 3, 0.8020824193954468, 0.5221264362335205
28, 13, 0.8613821864128113, 0.39809176325798035
28, 6, 0.8186862468719482, 0.4346717894077301
28, 8, 0.8008663654327393, 0.4890531301498413
28, 7, 0.8096374869346619, 0.4911467134952545
28, 15, 0.8630118370056152, 0.38444820046424866
28, 17, 0.7966604232788086, 0.502055287361145
28, 10, 0.8486496806144714, 0.3894573152065277
28, 19, 0.8079642653465271, 0.4769879877567291
28, 14, 0.871135950088501, 0.34820446372032166
28, 9, 0.8311522603034973, 0.4196343421936035
28, 18, 0.8945603370666504, 0.30236661434173584
29, 3, 0.8021270036697388, 0.5204349756240845
29, 12, 0.8523352146148682, 0.40052828192710876
29, 22, 0.8035010695457458, 0.4847058951854706
29, 11, 0.8206360936164856, 0.47073134779930115
29, 9, 0.833263635635376, 0.41660621762275696
29, 4, 0.8583416938781738, 0.3807591199874878
29, 7, 0.8107902407646179, 0.490222305059433
29, 20, 0.8209629058837891, 0.46078988909721375
29, 15, 0.8652857542037964, 0.3770589232444763
29, 2, 0.8475080728530884, 0.40748536586761475
29, 1, 0.8322471976280212, 0.4447784125804901
29, 14, 0.8737435340881348, 0.3448411524295807
29, 18, 0.8977223634719849, 0.29477405548095703
30, 8, 0.803447961807251, 0.48536762595176697
30, 14, 0.8750052452087402, 0.34109681844711304
30, 16, 0.8105376958847046, 0.46628648042678833
30, 13, 0.8631967902183533, 0.39474424719810486
30, 3, 0.8032863736152649, 0.5183555483818054
30, 5, 0.8478043079376221, 0.4149346947669983
30, 17, 0.8051984310150146, 0.4890819489955902
30, 9, 0.8314658403396606, 0.417881578207016
30, 1, 0.8407491445541382, 0.4298616647720337
30, 10, 0.855396032333374, 0.3705427944660187
30, 15, 0.8664131760597229, 0.3721601665019989
30, 6, 0.8235617876052856, 0.42924875020980835
30, 18, 0.8979308009147644, 0.2929864823818207
31, 3, 0.8029296398162842, 0.5142655968666077
31, 14, 0.8749632239341736, 0.3396359384059906
31, 15, 0.8678463101387024, 0.37129947543144226
31, 12, 0.8557811975479126, 0.39120784401893616
31, 9, 0.8339744210243225, 0.41292139887809753
31, 22, 0.8061818480491638, 0.4813505709171295
31, 19, 0.8126331567764282, 0.4696502089500427
31, 11, 0.82375568151474, 0.46635714173316956
31, 2, 0.8469485640525818, 0.4052278399467468
31, 20, 0.8282709121704102, 0.4473917484283447
31, 4, 0.8591306805610657, 0.37626394629478455
31, 18, 0.9003457427024841, 0.2908060550689697
31, 7, 0.8117782473564148, 0.4892488718032837
32, 4, 0.8648448586463928, 0.3594241440296173
32, 3, 0.8055828213691711, 0.5150615572929382
32, 16, 0.8180099725723267, 0.4588734805583954
32, 1, 0.8404884338378906, 0.4281269907951355
32, 9, 0.8352496027946472, 0.4087502956390381
32, 8, 0.8050450682640076, 0.4773205816745758
32, 14, 0.8762038946151733, 0.3363141417503357
32, 6, 0.8296409845352173, 0.4192499816417694
32, 0, 0.8349415063858032, 0.4344808757305145
32, 17, 0.8059945106506348, 0.4841822683811188
32, 15, 0.8688972592353821, 0.36933302879333496
32, 13, 0.8664055466651917, 0.38879770040512085
32, 18, 0.9024479389190674, 0.28346917033195496
33, 11, 0.8326687812805176, 0.4528006911277771
33, 19, 0.8194777965545654, 0.45844942331314087
33, 22, 0.812528669834137, 0.46792837977409363
33, 4, 0.868072509765625, 0.3561954200267792
33, 21, 0.8180134892463684, 0.4579826295375824
33, 10, 0.8575885891914368, 0.36881956458091736
33, 14, 0.8772553205490112, 0.3337738513946533
33, 17, 0.815925657749176, 0.4649326801300049
33, 9, 0.8347896933555603, 0.4069310426712036
33, 7, 0.8136308193206787, 0.4825044870376587
33, 2, 0.849306583404541, 0.40316593647003174
33, 15, 0.8728718161582947, 0.3624705374240875
33, 18, 0.9052276611328125, 0.2743174135684967
34, 23, 0.8657974600791931, 0.3690054416656494
34, 16, 0.8158717751502991, 0.45772552490234375
34, 13, 0.8664055466651917, 0.3896596431732178
34, 8, 0.8051106929779053, 0.4774715006351471
34, 5, 0.8494832515716553, 0.4088607132434845
34, 14, 0.877970278263092, 0.33235469460487366
34, 1, 0.8428545594215393, 0.4221211373806
34, 3, 0.8026174902915955, 0.5220361948013306
34, 15, 0.8732348680496216, 0.3588854670524597
34, 9, 0.8373191952705383, 0.40455102920532227
34, 17, 0.8185328245162964, 0.459315687417984
34, 6, 0.8271318078041077, 0.4158053994178772
34, 18, 0.9033166170120239, 0.28200411796569824
35, 4, 0.8640797734260559, 0.3626627027988434
35, 22, 0.8151636123657227, 0.46034616231918335
35, 19, 0.8242599964141846, 0.44743409752845764
35, 3, 0.8080353140830994, 0.5045438408851624
35, 10, 0.8602871298789978, 0.3601595461368561
35, 7, 0.8125398755073547, 0.4822089672088623
35, 15, 0.8735405802726746, 0.3548652231693268
35, 11, 0.8324811458587646, 0.44950979948043823
35, 9, 0.8389915823936462, 0.4021676480770111
35, 14, 0.8777810335159302, 0.3303379416465759
35, 2, 0.8528236150741577, 0.3923768401145935
35, 18, 0.9039941430091858, 0.2758481502532959
35, 20, 0.8273823261260986, 0.4514387249946594
36, 4, 0.8689092993736267, 0.3509523272514343
36, 3, 0.8084812164306641, 0.5075421929359436
36, 8, 0.8092456459999084, 0.46985501050949097
36, 13, 0.8695921301841736, 0.38094162940979004
36, 14, 0.8784118890762329, 0.32658660411834717
36, 16, 0.8232540488243103, 0.4479151964187622
36, 9, 0.8396396040916443, 0.39973950386047363
36, 6, 0.8324765563011169, 0.4105082154273987
36, 17, 0.8133980631828308, 0.4717036783695221
36, 1, 0.8488700985908508, 0.4088238775730133
36, 7, 0.8188592195510864, 0.4704603850841522
36, 15, 0.8756234049797058, 0.3490634560585022
36, 18, 0.9072951078414917, 0.268945574760437
37, 12, 0.858420729637146, 0.38834139704704285
37, 5, 0.8545637130737305, 0.39671915769577026
37, 10, 0.868804395198822, 0.34393197298049927
37, 1, 0.8537226319313049, 0.3969731628894806
37, 14, 0.8796526193618774, 0.3260006606578827
37, 9, 0.8394723534584045, 0.3969495892524719
37, 7, 0.8169448971748352, 0.4701312184333801
37, 2, 0.8604372143745422, 0.3817072808742523
37, 15, 0.8773240447044373, 0.3461917042732239
37, 20, 0.8382264971733093, 0.4330132007598877
37, 0, 0.8385524153709412, 0.4261220693588257
37, 18, 0.9079552888870239, 0.2691557705402374
37, 11, 0.8371018171310425, 0.44374337792396545
38, 4, 0.8679290413856506, 0.35454145073890686
38, 8, 0.8114115595817566, 0.46588751673698425
38, 16, 0.8246719837188721, 0.44194909930229187
38, 14, 0.8814610838890076, 0.3238016963005066
38, 1, 0.8536624312400818, 0.39590561389923096
38, 6, 0.834251344203949, 0.41284802556037903
38, 17, 0.8189507722854614, 0.4615459442138672
38, 15, 0.8761011362075806, 0.348387211561203
38, 18, 0.9098490476608276, 0.261784166097641
38, 13, 0.8717608451843262, 0.3678131699562073
38, 7, 0.8249315619468689, 0.4595782458782196
38, 3, 0.8077008724212646, 0.5099508762359619
38, 9, 0.8417719006538391, 0.39498797059059143
39, 22, 0.8190587759017944, 0.4552619159221649
39, 12, 0.8618911504745483, 0.37524569034576416
39, 4, 0.8721608519554138, 0.3445731997489929
39, 19, 0.8266624212265015, 0.44630587100982666
39, 15, 0.8782221674919128, 0.34154829382896423
39, 21, 0.8235464692115784, 0.4553363621234894
39, 18, 0.9107524156570435, 0.2613259255886078
39, 11, 0.8367500305175781, 0.43598973751068115
39, 14, 0.8812087178230286, 0.3225373327732086
39, 9, 0.8402249217033386, 0.3962251543998718
39, 2, 0.8638343811035156, 0.37220901250839233
39, 20, 0.8441019058227539, 0.4194948077201843
39, 7, 0.8246845602989197, 0.45874303579330444
40, 8, 0.8140807151794434, 0.4622400104999542
40, 3, 0.8059172630310059, 0.5144513249397278
40, 5, 0.8573328852653503, 0.3914068639278412
40, 9, 0.8435279130935669, 0.38878345489501953
40, 13, 0.871893584728241, 0.3732944428920746
40, 1, 0.8556275367736816, 0.39613765478134155
40, 6, 0.83729088306427, 0.4062909185886383
40, 17, 0.8216773271560669, 0.4559076428413391
40, 4, 0.8756515383720398, 0.3357275426387787
40, 16, 0.8291507959365845, 0.44002261757850647
40, 15, 0.8792922496795654, 0.3398226201534271
40, 14, 0.8836480379104614, 0.3187246322631836
40, 18, 0.9105960726737976, 0.2607880234718323
41, 12, 0.8664125204086304, 0.36407750844955444
41, 3, 0.8101757168769836, 0.4993227422237396
41, 11, 0.8416053056716919, 0.4294961988925934
41, 22, 0.8211208581924438, 0.4495355486869812
41, 20, 0.8486172556877136, 0.41227081418037415
41, 2, 0.8662922978401184, 0.368094265460968
41, 19, 0.8318752646446228, 0.4356848895549774
41, 7, 0.8223996758460999, 0.4622451961040497
41, 10, 0.8659793734550476, 0.35369062423706055
41, 14, 0.882891058921814, 0.3159625232219696
41, 9, 0.8435069918632507, 0.3895939290523529
41, 18, 0.912281334400177, 0.25569459795951843
41, 15, 0.8795979619026184, 0.34081798791885376
42, 13, 0.8751023411750793, 0.3601396381855011
42, 16, 0.8305237293243408, 0.43333157896995544
42, 1, 0.8567504286766052, 0.3931395411491394
42, 8, 0.8161590695381165, 0.455121785402298
42, 3, 0.8127619624137878, 0.4977142810821533
42, 0, 0.8440089225769043, 0.4140782654285431
42, 17, 0.8220952749252319, 0.45461612939834595
42, 6, 0.8394328951835632, 0.40164145827293396
42, 4, 0.8723043203353882, 0.3446817994117737
42, 14, 0.8833536505699158, 0.31648746132850647
42, 9, 0.8450330495834351, 0.38768094778060913
42, 18, 0.9120033383369446, 0.25480416417121887
42, 15, 0.8830757141113281, 0.33076587319374084
43, 5, 0.8611268401145935, 0.38129597902297974
43, 2, 0.8686303496360779, 0.36182478070259094
43, 23, 0.8674639463424683, 0.36014577746391296
43, 11, 0.8444199562072754, 0.4259522259235382
43, 4, 0.8746712803840637, 0.3349497616291046
43, 14, 0.8847836256027222, 0.3137092888355255
43, 19, 0.8345270156860352, 0.4315415620803833
43, 7, 0.8218027353286743, 0.46036475896835327
43, 21, 0.8291463851928711, 0.4383029639720917
43, 9, 0.8446776270866394, 0.38779377937316895
43, 15, 0.8827699422836304, 0.33061927556991577
43, 20, 0.8528969287872314, 0.40672120451927185
43, 18, 0.9133758544921875, 0.2522791624069214
44, 8, 0.8181937336921692, 0.455515056848526
44, 15, 0.8838591575622559, 0.3278807997703552
44, 6, 0.8407180905342102, 0.4024810492992401
44, 13, 0.8742393255233765, 0.3637608289718628
44, 16, 0.8309288620948792, 0.4301576316356659
44, 3, 0.8114688396453857, 0.502436101436615
44, 10, 0.8695001602172852, 0.34582793712615967
44, 7, 0.8269488215446472, 0.4511195421218872
44, 14, 0.8846153616905212, 0.31298232078552246
44, 1, 0.8565699458122253, 0.3945193588733673
44, 17, 0.8253791332244873, 0.44782742857933044
44, 9, 0.8467681407928467, 0.3857879936695099
44, 18, 0.9127851128578186, 0.2513459026813507
45, 11, 0.8424965739250183, 0.4259531795978546
45, 21, 0.8324706554412842, 0.4284704327583313
45, 3, 0.8143226504325867, 0.49236607551574707
45, 12, 0.8625021576881409, 0.3719085454940796
45, 9, 0.8448867201805115, 0.3842633068561554
45, 19, 0.8363854885101318, 0.42870503664016724
45, 14, 0.885750949382782, 0.3092392086982727
45, 7, 0.8283073902130127, 0.4434797763824463
45, 15, 0.8849674463272095, 0.3251173794269562
45, 4, 0.8728302717208862, 0.34360137581825256
45, 18, 0.9136537909507751, 0.24806784093379974
45, 2, 0.871527910232544, 0.3534314036369324
45, 20, 0.8554537892341614, 0.39908501505851746
46, 13, 0.876939058303833, 0.35560545325279236
46, 17, 0.8204433917999268, 0.45657965540885925
46, 4, 0.8765839338302612, 0.3335952162742615
46, 16, 0.8325718641281128, 0.43077921867370605
46, 8, 0.8189813494682312, 0.44742438197135925
46, 14, 0.884888768196106, 0.3107929527759552
46, 7, 0.8337209820747375, 0.4379830062389374
46, 9, 0.8477715253829956, 0.38008758425712585
46, 6, 0.8427784442901611, 0.39508458971977234
46, 3, 0.8153036832809448, 0.49244266748428345
46, 15, 0.8853113651275635, 0.3233458399772644
46, 1, 0.8588358163833618, 0.3877982199192047
46, 18, 0.9138622879981995, 0.24901975691318512
47, 12, 0.8697851896286011, 0.35224243998527527
47, 11, 0.8463667631149292, 0.4174852669239044
47, 21, 0.8348801732063293, 0.42409244179725647
47, 14, 0.8862556219100952, 0.30577170848846436
47, 19, 0.8335524201393127, 0.43063923716545105
47, 10, 0.8714818954467773, 0.3407897353172302
47, 9, 0.8478760719299316, 0.3786911964416504
47, 15, 0.8880056738853455, 0.32145217061042786
47, 0, 0.8467572331428528, 0.40690165758132935
47, 7, 0.8314773440361023, 0.4402799904346466
47, 20, 0.8575210571289062, 0.3918801546096802
47, 18, 0.9155475497245789, 0.24505525827407837
47, 2, 0.8734063506126404, 0.3498978018760681
48, 4, 0.8738105297088623, 0.34025901556015015
48, 8, 0.818740725517273, 0.44862332940101624
48, 16, 0.8339897990226746, 0.42488986253738403
48, 3, 0.8118032813072205, 0.49976733326911926
48, 13, 0.8766735196113586, 0.34982767701148987
48, 14, 0.8866761922836304, 0.3061118721961975
48, 17, 0.8265931606292725, 0.4426806569099426
48, 7, 0.8358206152915955, 0.43370944261550903
48, 9, 0.8492767214775085, 0.3780137002468109
48, 6, 0.8457772135734558, 0.3901009261608124
48, 1, 0.8612419962882996, 0.38157692551612854
48, 15, 0.886648952960968, 0.3194056451320648
48, 18, 0.9162077307701111, 0.2458030730485916
49, 12, 0.8697607517242432, 0.3517327606678009
49, 4, 0.8800985217094421, 0.32726240158081055
49, 11, 0.8492283225059509, 0.41270798444747925
49, 5, 0.8601020574569702, 0.3804956376552582
49, 19, 0.8354789018630981, 0.42343756556510925
49, 14, 0.8873491287231445, 0.30662062764167786
49, 21, 0.8414617776870728, 0.4116381108760834
49, 9, 0.8491512537002563, 0.37648919224739075
49, 7, 0.8344208598136902, 0.43227118253707886
49, 2, 0.8778426051139832, 0.339964896440506
49, 15, 0.8865916132926941, 0.31882357597351074
49, 20, 0.8606401085853577, 0.39051109552383423
49, 18, 0.9151653051376343, 0.2443821281194687
50, 13, 0.876872718334198, 0.3537233769893646
50, 8, 0.8226568698883057, 0.4414982795715332
50, 10, 0.8685514330863953, 0.3429715931415558
50, 16, 0.8370056748390198, 0.4197835922241211
50, 3, 0.8124498128890991, 0.49963152408599854
50, 6, 0.8505100011825562, 0.3813842236995697
50, 14, 0.886886477470398, 0.3046319782733917
50, 1, 0.8634476661682129, 0.37885016202926636
50, 17, 0.8256776928901672, 0.44517022371292114
50, 9, 0.8491512537002563, 0.3757477104663849
50, 7, 0.8381877541542053, 0.42492642998695374
50, 15, 0.8889228701591492, 0.3159293234348297
50, 18, 0.9153911471366882, 0.2441640943288803
51, 19, 0.8378360271453857, 0.42399123311042786
51, 2, 0.8784620761871338, 0.3367322087287903
51, 4, 0.8754363059997559, 0.33755001425743103
51, 17, 0.8336185812950134, 0.42756229639053345
51, 21, 0.8428004384040833, 0.4092073142528534
51, 9, 0.850886344909668, 0.3736741840839386
51, 14, 0.8877276182174683, 0.30371594429016113
51, 11, 0.8527466058731079, 0.40530070662498474
51, 23, 0.8691549897193909, 0.3571932315826416
51, 15, 0.8876426219940186, 0.31731539964675903
51, 7, 0.8378995656967163, 0.4291077256202698
51, 0, 0.8534975647926331, 0.39656591415405273
51, 18, 0.9165030717849731, 0.24259236454963684
52, 6, 0.8487352132797241, 0.38344231247901917
52, 13, 0.879660964012146, 0.3472575545310974
52, 15, 0.8895725607872009, 0.31405138969421387
52, 9, 0.8509490489959717, 0.37479567527770996
52, 5, 0.8646155595779419, 0.3704753518104553
52, 3, 0.8134531378746033, 0.5018652081489563
52, 8, 0.8221318125724792, 0.4423052668571472
52, 16, 0.8375008702278137, 0.41935643553733826
52, 10, 0.8726203441619873, 0.33511969447135925
52, 1, 0.86515212059021, 0.3735699951648712
52, 14, 0.8885477781295776, 0.30038437247276306
52, 18, 0.9185357689857483, 0.23868055641651154
52, 17, 0.8353700041770935, 0.4196007549762726
53, 4, 0.8757949471473694, 0.33433330059051514
53, 3, 0.8188709616661072, 0.4827252924442291
53, 11, 0.8484073877334595, 0.4138619899749756
53, 19, 0.8429128527641296, 0.41654378175735474
53, 9, 0.8505100607872009, 0.3728025555610657
53, 2, 0.8810998797416687, 0.3324386477470398
53, 7, 0.8348942995071411, 0.43032270669937134
53, 22, 0.8301942944526672, 0.4317949712276459
53, 20, 0.8586272597312927, 0.39413776993751526
53, 14, 0.8898305296897888, 0.2986588776111603
53, 12, 0.8690275549888611, 0.35722365975379944
53, 15, 0.8879483342170715, 0.3156786262989044
53, 18, 0.9187442660331726, 0.2386114001274109
54, 4, 0.8806483745574951, 0.3208053708076477
54, 3, 0.8180460333824158, 0.4844316840171814
54, 1, 0.8659741878509521, 0.3671191334724426
54, 21, 0.8469947576522827, 0.40025854110717773
54, 14, 0.8895781636238098, 0.2992078959941864
54, 18, 0.9180319309234619, 0.237765371799469
54, 13, 0.8815862536430359, 0.33893221616744995
54, 16, 0.8398415446281433, 0.4140823781490326
54, 9, 0.8529140949249268, 0.372127503156662
54, 6, 0.8520399928092957, 0.37632104754447937
54, 15, 0.8902795314788818, 0.313161700963974
54, 8, 0.8226787447929382, 0.4378719627857208
54, 17, 0.8325240015983582, 0.43142035603523254
55, 23, 0.8748652338981628, 0.3451000154018402
55, 19, 0.8425728678703308, 0.4118516147136688
55, 22, 0.8352580070495605, 0.4208468496799469
55, 9, 0.8538339138031006, 0.370651513338089
55, 5, 0.8689982891082764, 0.3637425899505615
55, 11, 0.8527700901031494, 0.4086165130138397
55, 7, 0.8363351821899414, 0.4312138259410858
55, 15, 0.8905470967292786, 0.30913665890693665
55, 10, 0.875719428062439, 0.32970505952835083
55, 14, 0.8899356722831726, 0.3000694215297699
55, 18, 0.9186573624610901, 0.23538486659526825
55, 20, 0.8615831136703491, 0.38392356038093567
55, 2, 0.8816194534301758, 0.3291813135147095
56, 21, 0.851434588432312, 0.39431148767471313
56, 4, 0.8792138695716858, 0.326561838388443
56, 3, 0.8164853453636169, 0.490775465965271
56, 16, 0.8398415446281433, 0.4136563241481781
56, 13, 0.8833565711975098, 0.33897486329078674
56, 8, 0.825107216835022, 0.43741950392723083
56, 14, 0.8901459574699402, 0.29952460527420044
56, 9, 0.8524960279464722, 0.36693820357322693
56, 15, 0.8919610977172852, 0.3058343231678009
56, 1, 0.8693028092384338, 0.36303067207336426
56, 17, 0.8371014595031738, 0.42160773277282715
56, 18, 0.9189527034759521, 0.23410987854003906
56, 6, 0.8550387620925903, 0.37115079164505005
57, 5, 0.8709388971328735, 0.35914531350135803
57, 19, 0.8441140651702881, 0.4081494212150574
57, 20, 0.8668600916862488, 0.3750954568386078
57, 12, 0.8709827065467834, 0.3527449071407318
57, 4, 0.8822742104530334, 0.3187631368637085
57, 9, 0.8537294268608093, 0.364714652299881
57, 11, 0.85183185338974, 0.40429362654685974
57, 14, 0.890608549118042, 0.29599687457084656
57, 2, 0.8833180069923401, 0.32605549693107605
57, 7, 0.838599443435669, 0.42405369877815247
57, 0, 0.8573692440986633, 0.38589251041412354
57, 15, 0.89272540807724, 0.30542293190956116
57, 18, 0.919543445110321, 0.2342248260974884
58, 9, 0.8540847897529602, 0.3637864291667938
58, 6, 0.8572011590003967, 0.3672727346420288
58, 4, 0.8831110000610352, 0.3142601251602173
58, 3, 0.8174217343330383, 0.487875759601593
58, 16, 0.8410344123840332, 0.4124569892883301
58, 13, 0.8834893703460693, 0.33616963028907776
58, 21, 0.8504751920700073, 0.3917713165283203
58, 8, 0.8242539763450623, 0.4373951256275177
58, 14, 0.8897674083709717, 0.2943169176578522
58, 1, 0.8696637153625488, 0.35937488079071045
58, 15, 0.8916171193122864, 0.3064217269420624
58, 17, 0.8349321484565735, 0.42741715908050537
58, 18, 0.9196476936340332, 0.23200760781764984
59, 14, 0.8924801349639893, 0.2933834493160248
59, 15, 0.8939865827560425, 0.30198246240615845
59, 11, 0.8565464019775391, 0.40067732334136963
59, 12, 0.8749908208847046, 0.3401441276073456
59, 19, 0.8450886011123657, 0.40839099884033203
59, 23, 0.8753798604011536, 0.3425121009349823
59, 9, 0.8542311191558838, 0.3639412224292755
59, 5, 0.8713532090187073, 0.3595086336135864
59, 0, 0.8609400391578674, 0.3778172433376312
59, 7, 0.8380230665206909, 0.42766010761260986
59, 18, 0.9208464622497559, 0.22935441136360168
59, 2, 0.8818592429161072, 0.32507506012916565
59, 20, 0.8672590255737305, 0.37297606468200684
60, 4, 0.8808157444000244, 0.3226224184036255
60, 8, 0.8258510828018188, 0.4326080083847046
60, 21, 0.857257604598999, 0.38014209270477295
60, 3, 0.813899040222168, 0.4953818619251251
60, 16, 0.8422948122024536, 0.4039647579193115
60, 13, 0.8832459449768066, 0.33716002106666565
60, 14, 0.8927745223045349, 0.29187801480293274
60, 6, 0.8558955788612366, 0.369934618473053
60, 15, 0.8925725817680359, 0.3038608133792877
60, 9, 0.8544401526451111, 0.3611162602901459
60, 17, 0.8352107405662537, 0.42578497529029846
60, 1, 0.8699644804000854, 0.35673773288726807
60, 18, 0.9212633967399597, 0.22701340913772583
61, 10, 0.8754875063896179, 0.3316193222999573
61, 12, 0.8749419450759888, 0.3386067748069763
61, 11, 0.8596190810203552, 0.3903481662273407
61, 19, 0.8456325531005859, 0.4058727025985718
61, 20, 0.8698703646659851, 0.36592769622802734
61, 5, 0.8734246492385864, 0.354082852602005
61, 9, 0.853415846824646, 0.3633022904396057
61, 0, 0.8644707202911377, 0.36959710717201233
61, 7, 0.8391140699386597, 0.4236688017845154
61, 2, 0.886355459690094, 0.3187527656555176
61, 14, 0.8930058479309082, 0.28963983058929443
61, 18, 0.9219930768013, 0.22547397017478943
61, 15, 0.8932031393051147, 0.3006172478199005
62, 21, 0.8591093420982361, 0.37763887643814087
62, 4, 0.882417619228363, 0.3214673101902008
62, 13, 0.8855916261672974, 0.3312535285949707
62, 3, 0.8146347999572754, 0.49215805530548096
62, 9, 0.8536458015441895, 0.3632180094718933
62, 8, 0.8272731304168701, 0.4295053780078888
62, 6, 0.8608118891716003, 0.3601691722869873
62, 17, 0.8362854719161987, 0.4230652451515198
62, 15, 0.895362377166748, 0.2988733649253845
62, 14, 0.8923749923706055, 0.2889368534088135
62, 16, 0.8428799510002136, 0.4031040072441101
62, 1, 0.871688961982727, 0.354358971118927
62, 18, 0.9227401614189148, 0.22541804611682892
63, 23, 0.8786148428916931, 0.3381176292896271
63, 12, 0.878925621509552, 0.3316119909286499
63, 19, 0.8465844988822937, 0.40326523780822754
63, 11, 0.8606042265892029, 0.3899582028388977
63, 2, 0.8856760263442993, 0.32074210047721863
63, 22, 0.8396572470664978, 0.41304686665534973
63, 0, 0.865373432636261, 0.36732855439186096
63, 20, 0.8739323616027832, 0.3603973984718323
63, 18, 0.9217150807380676, 0.2252773642539978
63, 9, 0.8543774485588074, 0.36073875427246094
63, 14, 0.893973171710968, 0.28843140602111816
63, 15, 0.8944069743156433, 0.2976332902908325
63, 7, 0.8403902649879456, 0.4253979027271271
64, 16, 0.8450406193733215, 0.40257465839385986
64, 4, 0.8800028562545776, 0.3224335014820099
64, 3, 0.8168420791625977, 0.48871609568595886
64, 21, 0.8628352284431458, 0.3726400136947632
64, 9, 0.8558198809623718, 0.36156684160232544
64, 14, 0.8931320309638977, 0.2894330322742462
64, 13, 0.8857244253158569, 0.3306480050086975
64, 17, 0.8379572629928589, 0.422206848859787
64, 6, 0.8615462779998779, 0.35687917470932007
64, 1, 0.8725512027740479, 0.3525571823120117
64, 8, 0.8271418809890747, 0.42858418822288513
64, 15, 0.8966999650001526, 0.296930193901062
64, 18, 0.9218540787696838, 0.2282201051712036
65, 7, 0.8395257592201233, 0.42031097412109375
65, 11, 0.8608152866363525, 0.38809919357299805
65, 5, 0.871920108795166, 0.3572983741760254
65, 2, 0.8885136246681213, 0.31122899055480957
65, 15, 0.8942732214927673, 0.2960677742958069
65, 0, 0.8689843416213989, 0.36370909214019775
65, 9, 0.8557780981063843, 0.35797110199928284
65, 12, 0.8805630803108215, 0.325942724943161
65, 19, 0.8502787947654724, 0.39857056736946106
65, 4, 0.8827284574508667, 0.31516233086586
65, 14, 0.893110990524292, 0.2881712317466736
65, 20, 0.8736240863800049, 0.35797813534736633
65, 18, 0.9228965044021606, 0.22538188099861145
66, 4, 0.884186863899231, 0.31114453077316284
66, 21, 0.8607826232910156, 0.37377825379371643
66, 16, 0.8479664921760559, 0.39877334237098694
66, 3, 0.8157495856285095, 0.4922495186328888
66, 8, 0.8298109769821167, 0.4245820939540863
66, 13, 0.8851932883262634, 0.3304557800292969
66, 14, 0.8938259482383728, 0.2879457473754883
66, 6, 0.8611791133880615, 0.3571697175502777
66, 9, 0.8570114374160767, 0.3567487299442291
66, 1, 0.8759399056434631, 0.3445836007595062
66, 17, 0.8410818576812744, 0.41437801718711853
66, 15, 0.8967764377593994, 0.29299071431159973
66, 18, 0.9230702519416809, 0.22263766825199127
67, 12, 0.8822738528251648, 0.3229731619358063
67, 19, 0.8521599173545837, 0.39515745639801025
67, 11, 0.8628090023994446, 0.3891937732696533
67, 22, 0.8423609137535095, 0.4051288366317749
67, 10, 0.8755929470062256, 0.3327988088130951
67, 7, 0.8406990170478821, 0.42271319031715393
67, 5, 0.8761501908302307, 0.3476335406303406
67, 14, 0.8944358229637146, 0.28771892189979553
67, 9, 0.8558825850486755, 0.3557647168636322
67, 2, 0.891171395778656, 0.3104724586009979
67, 20, 0.8747121095657349, 0.3542492389678955
67, 15, 0.8955726027488708, 0.29288050532341003
67, 18, 0.9243732690811157, 0.22075434029102325
68, 4, 0.8832066059112549, 0.31551507115364075
68, 21, 0.8627236485481262, 0.366987407207489
68, 3, 0.8171541690826416, 0.49031683802604675
68, 14, 0.8941624164581299, 0.2859678566455841
68, 8, 0.8306423425674438, 0.4231211841106415
68, 13, 0.8879151940345764, 0.3221076726913452
68, 17, 0.8421565890312195, 0.40749478340148926
68, 16, 0.8489342927932739, 0.39740613102912903
68, 9, 0.8564470410346985, 0.3566373884677887
68, 6, 0.8621379137039185, 0.35170382261276245
68, 15, 0.8952668309211731, 0.2931976914405823
68, 1, 0.8735537528991699, 0.3475017249584198
68, 18, 0.9226880073547363, 0.22108349204063416
69, 23, 0.8788353800773621, 0.33669811487197876
69, 12, 0.881662905216217, 0.32419270277023315
69, 11, 0.8625979423522949, 0.3864612877368927
69, 22, 0.8447209000587463, 0.4017246961593628
69, 14, 0.8958867788314819, 0.2848189175128937
69, 9, 0.8570741415023804, 0.3566637933254242
69, 19, 0.851751983165741, 0.392157644033432
69, 7, 0.8408225178718567, 0.4198979139328003
69, 2, 0.8888533711433411, 0.3139225244522095
69, 15, 0.8963942527770996, 0.2925531268119812
69, 0, 0.8641296625137329, 0.3682215213775635
69, 18, 0.9236435890197754, 0.21855232119560242
69, 20, 0.8750203847885132, 0.3533240854740143
70, 6, 0.8658303022384644, 0.348690390586853
70, 3, 0.8166636824607849, 0.48827141523361206
70, 4, 0.8826566934585571, 0.31710267066955566
70, 5, 0.8760629892349243, 0.34921056032180786
70, 16, 0.8497670292854309, 0.3944638967514038
70, 13, 0.887428343296051, 0.3233877420425415
70, 8, 0.8318893909454346, 0.418612003326416
70, 14, 0.8955923914909363, 0.28565478324890137
70, 9, 0.8580358028411865, 0.3553456962108612
70, 17, 0.8427337408065796, 0.4101791977882385
70, 1, 0.8745763897895813, 0.34536948800086975
70, 15, 0.8971776962280273, 0.29065632820129395
70, 18, 0.9246338605880737, 0.2168712019920349
71, 11, 0.8665384650230408, 0.37875744700431824
71, 12, 0.884009063243866, 0.3196200728416443
71, 4, 0.887462317943573, 0.3067781329154968
71, 9, 0.8586211204528809, 0.35128897428512573
71, 21, 0.861251175403595, 0.3715342879295349
71, 19, 0.8536784648895264, 0.39015427231788635
71, 7, 0.8427368998527527, 0.4141891300678253
71, 14, 0.895613431930542, 0.2837620973587036
71, 0, 0.8664767742156982, 0.359091579914093
71, 2, 0.8897126317024231, 0.3094383180141449
71, 15, 0.8974643349647522, 0.287510484457016
71, 20, 0.8778130412101746, 0.34777969121932983
71, 18, 0.9241647720336914, 0.21839971840381622
72, 3, 0.816418468952179, 0.48834216594696045
72, 16, 0.8492268919944763, 0.39123696088790894
72, 13, 0.8863440155982971, 0.32539820671081543
72, 8, 0.8313862085342407, 0.41965723037719727
72, 6, 0.8658710718154907, 0.3454451858997345
72, 10, 0.8740749955177307, 0.3321988880634308
72, 9, 0.8588510751724243, 0.3530786633491516
72, 14, 0.8954872488975525, 0.28279638290405273
72, 5, 0.87872314453125, 0.3425361216068268
72, 17, 0.8440074920654297, 0.4081951975822449
72, 1, 0.8766016364097595, 0.34340596199035645
72, 15, 0.8956108093261719, 0.29201483726501465
72, 18, 0.9235045909881592, 0.22087880969047546
73, 21, 0.863036036491394, 0.3668888211250305
73, 12, 0.8816384673118591, 0.3255714774131775
73, 11, 0.862902820110321, 0.3824133574962616
73, 4, 0.8809114098548889, 0.3203295171260834
73, 22, 0.8448584079742432, 0.39771705865859985
73, 19, 0.853587806224823, 0.3911067843437195
73, 9, 0.8580566644668579, 0.35438424348831177
73, 14, 0.896475613117218, 0.28230148553848267
73, 7, 0.8432514667510986, 0.4180850088596344
73, 2, 0.8910115361213684, 0.3076384365558624
73, 15, 0.8965662121772766, 0.2904118001461029
73, 18, 0.9251724481582642, 0.21513298153877258
73, 20, 0.8784840106964111, 0.34518760442733765
74, 13, 0.8878930807113647, 0.3221572935581207
74, 16, 0.8469536900520325, 0.39666447043418884
74, 6, 0.8682170510292053, 0.34425318241119385
74, 8, 0.8329176306724548, 0.4198595881462097
74, 3, 0.8188263773918152, 0.48813995718955994
74, 14, 0.8967279195785522, 0.28074198961257935
74, 9, 0.8581194281578064, 0.3554780185222626
74, 1, 0.8774237632751465, 0.33878692984580994
74, 0, 0.8656342029571533, 0.3610538840293884
74, 15, 0.898018479347229, 0.28891944885253906
74, 18, 0.9263364672660828, 0.21325252950191498
74, 17, 0.8410818576812744, 0.41527897119522095
74, 10, 0.8792402148246765, 0.3210328221321106
75, 12, 0.8858909606933594, 0.31677675247192383
75, 4, 0.8823937177658081, 0.3197169899940491
75, 11, 0.8668433427810669, 0.3728693425655365
75, 5, 0.8764554262161255, 0.3450317978858948
75, 21, 0.8621659278869629, 0.3663319945335388
75, 19, 0.855491578578949, 0.38827621936798096
75, 14, 0.8975690603256226, 0.28051164746284485
75, 9, 0.8590601086616516, 0.3504008650779724
75, 2, 0.8934894800186157, 0.30177420377731323
75, 15, 0.8987063765525818, 0.28668954968452454
75, 20, 0.8789736032485962, 0.34267210960388184
75, 7, 0.8442806601524353, 0.4140958786010742
75, 18, 0.9259021282196045, 0.2142971158027649
76, 23, 0.8778306245803833, 0.3372817933559418
76, 16, 0.8517026305198669, 0.3884778320789337
76, 7, 0.8471830487251282, 0.4068598449230194
76, 8, 0.8319768905639648, 0.4205132722854614
76, 17, 0.8454603552818298, 0.4035876989364624
76, 3, 0.8174440264701843, 0.48746728897094727
76, 6, 0.868155837059021, 0.34394723176956177
76, 15, 0.8991840481758118, 0.28579556941986084
76, 1, 0.8785466551780701, 0.33485865592956543
76, 9, 0.8601053357124329, 0.3513994812965393
76, 13, 0.887826681137085, 0.3225302994251251
76, 14, 0.8978214263916016, 0.2774462103843689
76, 18, 0.9265796542167664, 0.21219533681869507
77, 21, 0.8649324178695679, 0.36333081126213074
77, 4, 0.8797398805618286, 0.3238147795200348
77, 11, 0.8658347725868225, 0.37609806656837463
77, 22, 0.8473100662231445, 0.3985901474952698
77, 19, 0.8543357253074646, 0.3884909451007843
77, 10, 0.8777433633804321, 0.3262195289134979
77, 9, 0.8596663475036621, 0.349663645029068
77, 2, 0.8945685625076294, 0.29976385831832886
77, 7, 0.8496325612068176, 0.39988765120506287
77, 14, 0.8974849581718445, 0.2771715819835663
77, 15, 0.8988209962844849, 0.2845442295074463
77, 20, 0.8794450759887695, 0.3434962332248688
77, 18, 0.9265970587730408, 0.2141246348619461
78, 12, 0.8835691809654236, 0.3205506503582001
78, 3, 0.8198519349098206, 0.4838893711566925
78, 13, 0.8881807327270508, 0.32142195105552673
78, 9, 0.8593946099281311, 0.35100802779197693
78, 16, 0.8471787571907043, 0.3964602053165436
78, 1, 0.8802510499954224, 0.33421093225479126
78, 17, 0.8480675220489502, 0.4010773301124573
78, 5, 0.8760193586349487, 0.3480697274208069
78, 15, 0.9003878831863403, 0.28406307101249695
78, 6, 0.868665874004364, 0.3401472270488739
78, 18, 0.927031397819519, 0.21307770907878876
78, 8, 0.8332676887512207, 0.41727590560913086
78, 14, 0.8978214263916016, 0.2763257920742035
79, 11, 0.8668433427810669, 0.37419894337654114
79, 4, 0.8812939524650574, 0.3171095848083496
79, 14, 0.8983050584793091, 0.27616778016090393
79, 21, 0.868546724319458, 0.35805055499076843
79, 19, 0.8575540781021118, 0.3815055191516876
79, 7, 0.847553551197052, 0.4043041467666626
79, 9, 0.8592482805252075, 0.34931477904319763
79, 10, 0.8820652365684509, 0.311867892742157
79, 2, 0.8929898738861084, 0.29958391189575195
79, 0, 0.8660153746604919, 0.36396557092666626
79, 18, 0.926475465297699, 0.2129898965358734
79, 15, 0.9004070162773132, 0.28184977173805237
79, 20, 0.8815305233001709, 0.3386670649051666
80, 3, 0.8184696435928345, 0.48638081550598145
80, 12, 0.8856710195541382, 0.3173474669456482
80, 8, 0.8317143321037292, 0.41565364599227905
80, 16, 0.8512074947357178, 0.39039042592048645
80, 5, 0.8775456547737122, 0.34406235814094543
80, 13, 0.8899511098861694, 0.32081344723701477
80, 17, 0.8475102782249451, 0.39944663643836975
80, 6, 0.8697062134742737, 0.34143027663230896
80, 9, 0.8608579039573669, 0.3495268225669861
80, 14, 0.899083137512207, 0.27695026993751526
80, 1, 0.878406286239624, 0.3400195240974426
80, 15, 0.901133120059967, 0.27870821952819824
80, 18, 0.9285429120063782, 0.2085178941488266
81, 4, 0.88444983959198, 0.31458601355552673
81, 19, 0.8565568327903748, 0.38523608446121216
81, 22, 0.848891019821167, 0.39385882019996643
81, 23, 0.8795216083526611, 0.3344871699810028
81, 21, 0.8666279911994934, 0.35743293166160583
81, 7, 0.8473682999610901, 0.4064004123210907
81, 15, 0.9002350568771362, 0.2807213366031647
81, 2, 0.8937492370605469, 0.2988850176334381
81, 14, 0.8982840776443481, 0.2761230766773224
81, 11, 0.8703147768974304, 0.36608487367630005
81, 9, 0.8607324957847595, 0.34663116931915283
81, 20, 0.8827817440032959, 0.3361769914627075
81, 18, 0.9267881512641907, 0.20858410000801086
82, 16, 0.8531880974769592, 0.3867383897304535
82, 3, 0.817778468132019, 0.48645293712615967
82, 8, 0.8323269486427307, 0.417507529258728
82, 10, 0.8823814392089844, 0.31433597207069397
82, 13, 0.8905264735221863, 0.314976304769516
82, 9, 0.861234188079834, 0.34877151250839233
82, 6, 0.8717462420463562, 0.3374076783657074
82, 17, 0.8471519947052002, 0.39982834458351135
82, 15, 0.8999674916267395, 0.28183138370513916
82, 14, 0.8990620970726013, 0.27546975016593933
82, 1, 0.8790279030799866, 0.33681026101112366
82, 5, 0.8785268664360046, 0.3417492210865021
82, 18, 0.9284212589263916, 0.2088048756122589
83, 4, 0.8829436302185059, 0.3187221884727478
83, 22, 0.8485244512557983, 0.39230960607528687
83, 14, 0.899335503578186, 0.27273938059806824
83, 7, 0.8459686040878296, 0.40947502851486206
83, 2, 0.8937492370605469, 0.3006961941719055
83, 21, 0.868323564529419, 0.3576228618621826
83, 15, 0.9012477993965149, 0.2778143584728241
83, 12, 0.8813695907592773, 0.3240188658237457
83, 20, 0.8831263184547424, 0.3354315459728241
83, 18, 0.9285081624984741, 0.2082214504480362
83, 9, 0.8616523146629333, 0.3466634750366211
83, 11, 0.8679692149162292, 0.370532363653183
83, 19, 0.8576220273971558, 0.38060829043388367
84, 16, 0.8526929616928101, 0.3852277994155884
84, 9, 0.8619240522384644, 0.3463257849216461
84, 17, 0.8484854698181152, 0.39455756545066833
84, 10, 0.8849745988845825, 0.30759501457214355
84, 5, 0.878853976726532, 0.3418070077896118
84, 6, 0.8694614171981812, 0.340249240398407
84, 1, 0.8807924389839172, 0.33085963129997253
84, 8, 0.8343616127967834, 0.4144021272659302
84, 3, 0.820453941822052, 0.4836120307445526
84, 15, 0.9015917181968689, 0.2761600911617279
84, 18, 0.9288555979728699, 0.20769189298152924
84, 14, 0.9006392955780029, 0.2741408050060272
84, 13, 0.8916329145431519, 0.313648521900177
85, 4, 0.8843542337417603, 0.314967542886734
85, 19, 0.8606137633323669, 0.37915167212486267
85, 14, 0.8988097906112671, 0.27344638109207153
85, 7, 0.8482534289360046, 0.4055468738079071
85, 22, 0.8516634702682495, 0.3854004740715027
85, 2, 0.8948882818222046, 0.2990540862083435
85, 18, 0.9283865094184875, 0.20848199725151062
85, 12, 0.8863552808761597, 0.31342458724975586
85, 11, 0.8712295293807983, 0.3614090383052826
85, 20, 0.8816937208175659, 0.33500105142593384
85, 21, 0.8690375089645386, 0.3540409207344055
85, 9, 0.8618404269218445, 0.34447264671325684
85, 15, 0.9020503163337708, 0.2778249680995941
86, 16, 0.8527604341506958, 0.38735952973365784
86, 3, 0.8192276954650879, 0.48267170786857605
86, 13, 0.8926730155944824, 0.3106824457645416
86, 8, 0.8344053626060486, 0.41273730993270874
86, 1, 0.8827775716781616, 0.32846522331237793
86, 15, 0.9017063975334167, 0.27840375900268555
86, 5, 0.8802276253700256, 0.33828067779541016
86, 23, 0.8811635971069336, 0.3295753002166748
86, 6, 0.8695022463798523, 0.33956465125083923
86, 17, 0.8443657159805298, 0.4042680859565735
86, 9, 0.8611506223678589, 0.34553834795951843
86, 14, 0.9000084400177002, 0.27154672145843506
86, 18, 0.9284907579421997, 0.20623640716075897
87, 4, 0.8844738006591797, 0.3115880787372589
87, 19, 0.8611123561859131, 0.3761812150478363
87, 22, 0.8530381917953491, 0.3840339481830597
87, 7, 0.8485621809959412, 0.40376973152160645
87, 10, 0.8807792067527771, 0.31549373269081116
87, 2, 0.896766722202301, 0.2905230224132538
87, 21, 0.8713801503181458, 0.3512353301048279
87, 11, 0.8698925971984863, 0.36561906337738037
87, 14, 0.9002607464790344, 0.27284136414527893
87, 9, 0.8623003363609314, 0.3437047600746155
87, 20, 0.8834708333015442, 0.33501386642456055
87, 15, 0.9021076560020447, 0.2748052477836609
87, 18, 0.9290814399719238, 0.20433518290519714
88, 12, 0.8861597776412964, 0.31616461277008057
88, 16, 0.8552812337875366, 0.38396668434143066
88, 13, 0.8902608752250671, 0.3185015320777893
88, 3, 0.8209221363067627, 0.48048076033592224
88, 8, 0.8336396217346191, 0.4140426814556122
88, 5, 0.8799005746841431, 0.3361128270626068
88, 1, 0.882015585899353, 0.33012065291404724
88, 14, 0.9003448486328125, 0.2716924250125885
88, 9, 0.8615269064903259, 0.34293219447135925
88, 6, 0.8711342215538025, 0.33659592270851135
88, 17, 0.8505154848098755, 0.39146918058395386
88, 15, 0.9027955532073975, 0.2731677293777466
88, 18, 0.9288208484649658, 0.2048904448747635
89, 4, 0.8837565183639526, 0.31342753767967224
89, 23, 0.8833447694778442, 0.32339394092559814
89, 21, 0.8722725510597229, 0.3472970724105835
89, 14, 0.9006182551383972, 0.2710782289505005
89, 22, 0.8545733690261841, 0.3836698532104492
89, 15, 0.9034452438354492, 0.2741475999355316
89, 20, 0.8835252523422241, 0.33302146196365356
89, 11, 0.8731998205184937, 0.3608216941356659
89, 18, 0.9283344149589539, 0.20748433470726013
89, 19, 0.8594125509262085, 0.37715503573417664
89, 2, 0.8958874344825745, 0.2905389070510864
89, 9, 0.8624885082244873, 0.3428221046924591
89, 7, 0.8474094867706299, 0.4072002172470093
90, 13, 0.8926287293434143, 0.30953681468963623
90, 8, 0.835718035697937, 0.4131550192832947
90, 3, 0.8226835131645203, 0.4759414494037628
90, 5, 0.8833020925521851, 0.3329000473022461
90, 10, 0.8845740556716919, 0.3106098473072052
90, 15, 0.9021649956703186, 0.27480894327163696
90, 1, 0.8838804364204407, 0.3269955515861511
90, 14, 0.9009547233581543, 0.268924742937088
90, 16, 0.8558889031410217, 0.3826724588871002
90, 9, 0.8637219071388245, 0.34276747703552246
90, 17, 0.8513911366462708, 0.3893856406211853
90, 6, 0.872990608215332, 0.3318409025669098
90, 18, 0.9283344149589539, 0.2037966400384903
91, 4, 0.8847845792770386, 0.31153035163879395
91, 11, 0.8739503622055054, 0.35560402274131775
91, 21, 0.8705992698669434, 0.3517276644706726
91, 19, 0.8614296913146973, 0.3748798966407776
91, 14, 0.9003448486328125, 0.2695840895175934
91, 9, 0.8624048829078674, 0.3417416512966156
91, 23, 0.8828791379928589, 0.3212960660457611
91, 15, 0.9048019647598267, 0.2703259587287903
91, 22, 0.8567500710487366, 0.37685373425483704
91, 7, 0.8480681777000427, 0.402117520570755
91, 20, 0.8838698267936707, 0.3315086364746094
91, 18, 0.9300543665885925, 0.2033877968788147
91, 2, 0.8958275318145752, 0.2910885810852051
92, 12, 0.8836180567741394, 0.3132990300655365
92, 16, 0.8554162383079529, 0.38436636328697205
92, 8, 0.8364837765693665, 0.4087754189968109
92, 5, 0.8820810317993164, 0.3280659019947052
92, 3, 0.8224159479141235, 0.47854283452033997
92, 14, 0.9014173150062561, 0.2691139876842499
92, 9, 0.863659143447876, 0.3405078649520874
92, 1, 0.8834192156791687, 0.3281008303165436
92, 6, 0.8721134066581726, 0.3333987891674042
92, 13, 0.8909469246864319, 0.314620703458786
92, 17, 0.8517692685127258, 0.3890109360218048
92, 15, 0.9027764797210693, 0.2726437449455261
92, 18, 0.9312531352043152, 0.20110809803009033
93, 11, 0.8747947812080383, 0.35840824246406555
93, 4, 0.8851193189620972, 0.3120565116405487
93, 19, 0.8614976406097412, 0.3712645471096039
93, 23, 0.8886383771896362, 0.30984434485435486
93, 2, 0.8988050222396851, 0.28955256938934326
93, 7, 0.8486239314079285, 0.4056316614151001
93, 21, 0.873142659664154, 0.34791019558906555
93, 14, 0.9004499912261963, 0.268144428730011
93, 20, 0.887061357498169, 0.32451555132865906
93, 9, 0.8635546565055847, 0.3405171036720276
93, 0, 0.8646111488342285, 0.36694997549057007
93, 15, 0.903789222240448, 0.27289944887161255
93, 18, 0.9315137267112732, 0.2001034915447235
94, 3, 0.8229287266731262, 0.4733848571777344
94, 16, 0.8550336360931396, 0.3810476064682007
94, 13, 0.8934032320976257, 0.3068355619907379
94, 1, 0.8845621943473816, 0.32495105266571045
94, 6, 0.8742554187774658, 0.3313260078430176
94, 8, 0.8361774682998657, 0.4046119153499603
94, 10, 0.8832669258117676, 0.3139755129814148
94, 15, 0.9047828316688538, 0.27036693692207336
94, 5, 0.8830186128616333, 0.33045899868011475
94, 9, 0.8632201552391052, 0.341246098279953
94, 14, 0.9021323323249817, 0.2658710479736328
94, 18, 0.9309230446815491, 0.20156437158584595
94, 17, 0.8503562211990356, 0.38987717032432556
95, 23, 0.889349102973938, 0.3095303177833557
95, 4, 0.8855974674224854, 0.31262296438217163
95, 22, 0.8539317846298218, 0.3828706443309784
95, 11, 0.876460075378418, 0.35384994745254517
95, 14, 0.9014593958854675, 0.2689586281776428
95, 7, 0.8493443727493286, 0.4018981456756592
95, 9, 0.8647462129592896, 0.33890798687934875
95, 15, 0.904171347618103, 0.2705261707305908
95, 19, 0.8610670566558838, 0.3749181032180786
95, 2, 0.8974461555480957, 0.28734710812568665
95, 21, 0.8717817068099976, 0.34887927770614624
95, 20, 0.8868619203567505, 0.3239225745201111
95, 18, 0.9297416806221008, 0.20250995457172394
96, 16, 0.8547410368919373, 0.38152411580085754
96, 8, 0.8350397944450378, 0.4086000919342041
96, 3, 0.8210782408714294, 0.47679924964904785
96, 10, 0.8886218667030334, 0.3032897710800171
96, 9, 0.864035427570343, 0.3395613133907318
96, 6, 0.8742961883544922, 0.32956773042678833
96, 14, 0.9025739431381226, 0.2651900351047516
96, 17, 0.8553715944290161, 0.38291364908218384
96, 1, 0.8842012286186218, 0.32654455304145813
96, 13, 0.8923410773277283, 0.3088220953941345
96, 15, 0.9050694704055786, 0.2702091634273529
96, 5, 0.8839998245239258, 0.32667234539985657
96, 18, 0.9307145476341248, 0.19975189864635468
97, 23, 0.8895206451416016, 0.30972835421562195
97, 19, 0.8594578504562378, 0.3755115866661072
97, 4, 0.8849758505821228, 0.3089759647846222
97, 21, 0.8730087876319885, 0.3456640839576721
97, 22, 0.8575291037559509, 0.37725967168807983
97, 15, 0.9053751826286316, 0.2675473988056183
97, 20, 0.8907607197761536, 0.3187074661254883
97, 11, 0.8747712969779968, 0.3527584671974182
97, 9, 0.8652897477149963, 0.3376724123954773
97, 7, 0.8507646918296814, 0.3980455696582794
97, 14, 0.9028893709182739, 0.2648751139640808
97, 2, 0.8977059125900269, 0.290603905916214
97, 18, 0.9316179752349854, 0.19866342842578888
98, 13, 0.8943327069282532, 0.30346232652664185
98, 3, 0.8238651752471924, 0.4715709984302521
98, 8, 0.836658775806427, 0.40665847063064575
98, 6, 0.8772133588790894, 0.3247836232185364
98, 14, 0.9026790857315063, 0.26453250646591187
98, 10, 0.8887694478034973, 0.29909417033195496
98, 17, 0.8564263582229614, 0.38041195273399353
98, 15, 0.9048975110054016, 0.26703909039497375
98, 16, 0.8560014367103577, 0.3784567415714264
98, 21, 0.8768908381462097, 0.33607161045074463
98, 9, 0.8639727234840393, 0.3388408422470093
98, 18, 0.9309751987457275, 0.19845934212207794
98, 1, 0.8836398124694824, 0.32384929060935974
99, 12, 0.8827626705169678, 0.3264734745025635
99, 4, 0.886458158493042, 0.3082411587238312
99, 22, 0.857597827911377, 0.3729950785636902
99, 19, 0.8631521463394165, 0.36841216683387756
99, 7, 0.8484593033790588, 0.40246692299842834
99, 2, 0.8977459073066711, 0.28723835945129395
99, 11, 0.8753107786178589, 0.3567931056022644
99, 9, 0.8654151558876038, 0.33790379762649536
99, 14, 0.9038566946983337, 0.2643233835697174
99, 20, 0.8895094990730286, 0.3208438754081726
99, 15, 0.9044197797775269, 0.266703337430954
99, 18, 0.9313747882843018, 0.19980381429195404
99, 0, 0.8659952878952026, 0.3653576076030731
100, 8, 0.8367244005203247, 0.40708163380622864
100, 5, 0.8830840587615967, 0.33048877120018005
100, 16, 0.8542459011077881, 0.38008254766464233
100, 3, 0.8244225382804871, 0.47320258617401123
100, 13, 0.8947088718414307, 0.30539727210998535
100, 10, 0.8884110450744629, 0.29915061593055725
100, 1, 0.8843415975570679, 0.32309943437576294
100, 9, 0.8651015758514404, 0.3361257314682007
100, 14, 0.9035202264785767, 0.26517748832702637
100, 6, 0.8767033815383911, 0.3243561387062073
100, 17, 0.854555606842041, 0.38097110390663147
100, 15, 0.9065408110618591, 0.26623469591140747
100, 18, 0.9306450486183167, 0.19859051704406738
