1, 21, 0.45926108956336975, 1.4073610305786133
1, 2, 0.44682466983795166, 1.47006356716156
1, 15, 0.4043911099433899, 1.492228388786316
1, 0, 0.5440229773521423, 1.2211664915084839
1, 17, 0.34637582302093506, 1.6387386322021484
1, 9, 0.4954845607280731, 1.342910647392273
1, 6, 0.4378416836261749, 1.4582818746566772
1, 20, 0.5009157657623291, 1.266214370727539
1, 13, 0.5590519905090332, 1.2143726348876953
1, 5, 0.5249007940292358, 1.270246148109436
1, 14, 0.5653362274169922, 1.2028409242630005
1, 11, 0.43735048174858093, 1.4393353462219238
1, 4, 0.3917897939682007, 1.530315637588501
1, 19, 0.4288336932659149, 1.481347918510437
1, 3, 0.4303932785987854, 1.458937406539917
1, 18, 0.5021108984947205, 1.3331226110458374
1, 8, 0.5150958299636841, 1.2813597917556763
1, 23, 0.6062641143798828, 1.1311144828796387
1, 10, 0.5486053824424744, 1.229783058166504
1, 22, 0.38119786977767944, 1.55656099319458
1, 12, 0.5734291076660156, 1.217571496963501
1, 7, 0.4298182427883148, 1.483507752418518
1, 1, 0.4284253418445587, 1.4669485092163086
1, 16, 0.542999267578125, 1.214468240737915
2, 23, 0.7356876730918884, 0.7876596450805664
2, 12, 0.7061123847961426, 0.875855028629303
2, 10, 0.6808972358703613, 0.8897053599357605
2, 11, 0.6715531945228577, 0.8903657793998718
2, 9, 0.6717116832733154, 0.887412428855896
2, 2, 0.6711362600326538, 0.9008532166481018
2, 16, 0.6803358197212219, 0.8355695605278015
2, 21, 0.674512505531311, 0.8966563940048218
2, 13, 0.6891942620277405, 0.9452673196792603
2, 22, 0.6207038760185242, 1.006086826324463
2, 3, 0.6649425029754639, 0.9402207732200623
2, 7, 0.6502541899681091, 0.9778680801391602
2, 17, 0.6013811826705933, 1.0877013206481934
2, 1, 0.6731367111206055, 0.8904686570167542
2, 15, 0.6471633315086365, 1.0194166898727417
2, 14, 0.7360053658485413, 0.7733849287033081
2, 5, 0.6939296126365662, 0.8633442521095276
2, 20, 0.6689999103546143, 0.8645700216293335
2, 6, 0.6303549408912659, 0.9866511225700378
2, 8, 0.6909512281417847, 0.8394818902015686
2, 19, 0.6499478816986084, 0.9602807760238647
2, 0, 0.70163893699646, 0.8178263306617737
2, 18, 0.6864608526229858, 0.9012570381164551
2, 4, 0.6132788062095642, 1.0933202505111694
3, 19, 0.7047504782676697, 0.7225601077079773
3, 12, 0.7726861834526062, 0.6338002681732178
3, 9, 0.7247888445854187, 0.6948117613792419
3, 17, 0.6950802206993103, 0.7893310785293579
3, 11, 0.7227565050125122, 0.6892145872116089
3, 6, 0.7053855657577515, 0.7201217412948608
3, 15, 0.7193166613578796, 0.7781999111175537
3, 10, 0.738262414932251, 0.6671258807182312
3, 4, 0.6708267331123352, 0.9214041233062744
3, 14, 0.7737729549407959, 0.604473352432251
3, 3, 0.7256978750228882, 0.7333367466926575
3, 23, 0.7941623330116272, 0.5861074328422546
3, 21, 0.7319396734237671, 0.6892675757408142
3, 8, 0.7436991333961487, 0.633225679397583
3, 5, 0.7451702952384949, 0.6717070937156677
3, 16, 0.723863959312439, 0.6606082320213318
3, 2, 0.736061692237854, 0.6790655851364136
3, 22, 0.6911603212356567, 0.7741053700447083
3, 20, 0.710889458656311, 0.7157387733459473
3, 13, 0.7566000819206238, 0.7068372964859009
3, 7, 0.7251806259155273, 0.701450526714325
3, 0, 0.7605769634246826, 0.6258776187896729
3, 1, 0.7276372909545898, 0.698529839515686
3, 18, 0.7512639164924622, 0.6789724230766296
4, 22, 0.6990193128585815, 0.7295130491256714
4, 13, 0.7723118662834167, 0.6339755058288574
4, 5, 0.7508394718170166, 0.6371663212776184
4, 9, 0.7383769750595093, 0.659261167049408
4, 10, 0.7503215074539185, 0.6136474609375
4, 20, 0.7191222906112671, 0.6940935254096985
4, 3, 0.7335458993911743, 0.6959859132766724
4, 4, 0.7064744234085083, 0.8215646147727966
4, 11, 0.7322090268135071, 0.658514142036438
4, 19, 0.7162866592407227, 0.68145751953125
4, 7, 0.7395278215408325, 0.6475622653961182
4, 16, 0.7338569760322571, 0.6247348785400391
4, 21, 0.7389005422592163, 0.6551929712295532
4, 0, 0.7737968564033508, 0.5874661207199097
4, 12, 0.7887919545173645, 0.5663414001464844
4, 2, 0.7506694197654724, 0.6315999031066895
4, 23, 0.8063425421714783, 0.5304116010665894
4, 1, 0.7349963188171387, 0.6663978099822998
4, 14, 0.7764856815338135, 0.5828720331192017
4, 15, 0.7306861877441406, 0.7276394963264465
4, 6, 0.7131171226501465, 0.6740386486053467
4, 8, 0.7489936351776123, 0.6043509840965271
4, 18, 0.7713476419448853, 0.6152090430259705
4, 17, 0.7053098678588867, 0.7306711077690125
5, 19, 0.7259190678596497, 0.664544939994812
5, 8, 0.7516408562660217, 0.5983991622924805
5, 13, 0.7839961051940918, 0.6064779162406921
5, 4, 0.7244297862052917, 0.7570372819900513
5, 12, 0.7967837452888489, 0.5380316972732544
5, 9, 0.7434986233711243, 0.652116596698761
5, 15, 0.7390365600585938, 0.6979646682739258
5, 21, 0.7415331602096558, 0.6372410655021667
5, 3, 0.7377820611000061, 0.6788760423660278
5, 22, 0.7063742876052856, 0.7110224366188049
5, 16, 0.7402039170265198, 0.6099039316177368
5, 10, 0.75323086977005, 0.5962916016578674
5, 11, 0.7356335520744324, 0.6468861103057861
5, 2, 0.7617601156234741, 0.6017183661460876
5, 0, 0.7816606163978577, 0.5696999430656433
5, 18, 0.7861672639846802, 0.5755918025970459
5, 1, 0.7436185479164124, 0.6444873213768005
5, 5, 0.7584928870201111, 0.6142480969429016
5, 17, 0.7094296216964722, 0.7146199941635132
5, 6, 0.7246838212013245, 0.6455931067466736
5, 23, 0.8138417601585388, 0.5019460916519165
5, 20, 0.7291141748428345, 0.678696870803833
5, 7, 0.7461147308349609, 0.6241267919540405
5, 14, 0.7799344062805176, 0.5714077949523926
6, 19, 0.7312225103378296, 0.6430527567863464
6, 23, 0.8174198865890503, 0.4892948269844055
6, 10, 0.7599983215332031, 0.5770819783210754
6, 13, 0.7912324070930481, 0.5903248190879822
6, 3, 0.740591287612915, 0.6678731441497803
6, 11, 0.7373692393302917, 0.6386741399765015
6, 12, 0.8054598569869995, 0.5167152881622314
6, 4, 0.7312915325164795, 0.7335782051086426
6, 16, 0.7502419352531433, 0.5906295776367188
6, 5, 0.7645545601844788, 0.5963727831840515
6, 7, 0.7545953989028931, 0.606648325920105
6, 21, 0.7492749094963074, 0.6242659091949463
6, 22, 0.7113692760467529, 0.6900812387466431
6, 9, 0.7493310570716858, 0.6334639191627502
6, 1, 0.7549678087234497, 0.6247276663780212
6, 8, 0.7558633089065552, 0.5903547406196594
6, 6, 0.7333333492279053, 0.6271154880523682
6, 0, 0.7900459170341492, 0.5534011721611023
6, 15, 0.7483232617378235, 0.6761768460273743
6, 2, 0.7712920904159546, 0.5770586133003235
6, 17, 0.7160370945930481, 0.6930548548698425
6, 14, 0.785612165927887, 0.5578352212905884
6, 18, 0.7938289642333984, 0.5551969408988953
6, 20, 0.7369480729103088, 0.6633005738258362
7, 17, 0.7218285799026489, 0.6752015352249146
7, 4, 0.7444173693656921, 0.6863141655921936
7, 11, 0.7438429594039917, 0.6253518462181091
7, 19, 0.744685173034668, 0.6204341650009155
7, 23, 0.8232771158218384, 0.47942766547203064
7, 14, 0.7872734069824219, 0.5554749965667725
7, 12, 0.8132560849189758, 0.5022715330123901
7, 16, 0.751884937286377, 0.5835863351821899
7, 7, 0.7605854272842407, 0.590850830078125
7, 5, 0.770965039730072, 0.5828275084495544
7, 6, 0.7426968812942505, 0.6049436330795288
7, 10, 0.7630130648612976, 0.5698052048683167
7, 8, 0.7588605880737305, 0.5821672677993774
7, 13, 0.7951934933662415, 0.5750831365585327
7, 9, 0.7545781135559082, 0.6208332777023315
7, 1, 0.7624471187591553, 0.6014580726623535
7, 3, 0.7488183379173279, 0.6509020924568176
7, 0, 0.7987121343612671, 0.5422608852386475
7, 2, 0.7825826406478882, 0.5590012669563293
7, 20, 0.7432405352592468, 0.654198169708252
7, 15, 0.7516672015190125, 0.6652313470840454
7, 18, 0.8029152750968933, 0.5335567593574524
7, 22, 0.7254605293273926, 0.664142906665802
7, 21, 0.7507697343826294, 0.6159572601318359
8, 22, 0.7297910451889038, 0.6556097865104675
8, 23, 0.8264631032943726, 0.47038090229034424
8, 12, 0.8170686960220337, 0.4999433755874634
8, 4, 0.7518529295921326, 0.6560265421867371
8, 16, 0.75766921043396, 0.5742852091789246
8, 19, 0.7514618635177612, 0.6090291738510132
8, 6, 0.7573235630989075, 0.5748587846755981
8, 21, 0.7589353322982788, 0.6013588905334473
8, 8, 0.7619672417640686, 0.5725536346435547
8, 14, 0.7897548079490662, 0.5487591624259949
8, 13, 0.8000177145004272, 0.5669665336608887
8, 11, 0.7458131909370422, 0.618216872215271
8, 17, 0.7271225452423096, 0.6671679019927979
8, 0, 0.8026440143585205, 0.5304563641548157
8, 2, 0.7893769145011902, 0.5463736057281494
8, 10, 0.7675036191940308, 0.5554471015930176
8, 5, 0.7781387567520142, 0.568304181098938
8, 7, 0.7612029314041138, 0.587358832359314
8, 18, 0.8074323534965515, 0.523059606552124
8, 3, 0.7465218901634216, 0.6515578031539917
8, 9, 0.7567940354347229, 0.6096216440200806
8, 1, 0.7713901996612549, 0.5893062353134155
8, 20, 0.7501496076583862, 0.6419323682785034
8, 15, 0.7527563571929932, 0.6596961617469788
9, 20, 0.7508568167686462, 0.6391577124595642
9, 8, 0.7662991285324097, 0.5668315291404724
9, 3, 0.7489297986030579, 0.6447639465332031
9, 0, 0.8053722381591797, 0.5239977836608887
9, 23, 0.8280070424079895, 0.46470576524734497
9, 14, 0.795222282409668, 0.5393590927124023
9, 6, 0.7617707252502441, 0.5642647743225098
9, 9, 0.7587800025939941, 0.6074990630149841
9, 21, 0.762527346611023, 0.5899149179458618
9, 12, 0.8210768103599548, 0.4955073297023773
9, 11, 0.7532954812049866, 0.603661060333252
9, 1, 0.7747388482093811, 0.5788357853889465
9, 22, 0.7391393780708313, 0.6391516327857971
9, 2, 0.7941529154777527, 0.5329281091690063
9, 13, 0.8055057525634766, 0.5507743954658508
9, 4, 0.7520442008972168, 0.6594051122665405
9, 5, 0.7797741293907166, 0.5597738027572632
9, 10, 0.7784453630447388, 0.5393819212913513
9, 19, 0.7592584490776062, 0.599856436252594
9, 15, 0.7576099038124084, 0.648357093334198
9, 7, 0.7664313316345215, 0.5793947577476501
9, 17, 0.7291724681854248, 0.6578477025032043
9, 16, 0.7587495446205139, 0.5680332183837891
9, 18, 0.8094650506973267, 0.516791820526123
10, 13, 0.8115249276161194, 0.5398832559585571
10, 22, 0.745509147644043, 0.624877393245697
10, 23, 0.8317076563835144, 0.45074260234832764
10, 12, 0.821516752243042, 0.4868972599506378
10, 4, 0.7591450214385986, 0.6472227573394775
10, 11, 0.7565323710441589, 0.5967627763748169
10, 17, 0.7367153763771057, 0.6420513987541199
10, 14, 0.8003112077713013, 0.5277305841445923
10, 10, 0.7820926308631897, 0.5366129279136658
10, 21, 0.7658069729804993, 0.5838959813117981
10, 6, 0.770563006401062, 0.5549340844154358
10, 18, 0.813044011592865, 0.5075429081916809
10, 16, 0.7597172856330872, 0.5627536177635193
10, 3, 0.7514715194702148, 0.6370371580123901
10, 7, 0.7741092443466187, 0.5641192197799683
10, 9, 0.7616021633148193, 0.5997104048728943
10, 8, 0.7695589661598206, 0.5597797632217407
10, 15, 0.7592341303825378, 0.6407548189163208
10, 0, 0.8107685446739197, 0.5132616758346558
10, 1, 0.7776663899421692, 0.5719239115715027
10, 20, 0.7560068964958191, 0.6255714893341064
10, 5, 0.7848545908927917, 0.5539343357086182
10, 19, 0.7671229839324951, 0.5841231942176819
10, 2, 0.7952519655227661, 0.5279020071029663
11, 11, 0.7590889930725098, 0.589264988899231
11, 10, 0.7818607091903687, 0.538041889667511
11, 19, 0.7648338675498962, 0.5854505896568298
11, 0, 0.8038074970245361, 0.542579710483551
11, 3, 0.7494203448295593, 0.6389725804328918
11, 9, 0.7633163332939148, 0.5998441576957703
11, 18, 0.8136520981788635, 0.512615978717804
11, 15, 0.7450939416885376, 0.6591437458992004
11, 7, 0.7733888030052185, 0.565221905708313
11, 1, 0.7810350656509399, 0.5640758872032166
11, 17, 0.7107232213020325, 0.6998706459999084
12, 9, 0.7736223936080933, 0.5734055042266846
12, 4, 0.7618706226348877, 0.6312674283981323
12, 22, 0.7497250437736511, 0.6116973757743835
12, 17, 0.7346057295799255, 0.6373917460441589
12, 6, 0.7783965468406677, 0.5348488092422485
12, 3, 0.7576028108596802, 0.6231931447982788
12, 5, 0.7908726334571838, 0.5430288314819336
12, 10, 0.7955009937286377, 0.5146687030792236
12, 13, 0.8093341588973999, 0.5433829426765442
12, 18, 0.8385656476020813, 0.43741923570632935
12, 2, 0.7958714962005615, 0.5201067328453064
13, 4, 0.774637758731842, 0.5836727023124695
13, 21, 0.7718085050582886, 0.5702912211418152
13, 7, 0.7857598662376404, 0.5444711446762085
13, 15, 0.7575716972351074, 0.6284760236740112
13, 22, 0.7520163059234619, 0.5992685556411743
13, 9, 0.7766326665878296, 0.5615260004997253
13, 18, 0.8522385954856873, 0.40898028016090393
13, 1, 0.7877925038337708, 0.5455669164657593
13, 17, 0.7447757124900818, 0.6226792931556702
13, 20, 0.7569680213928223, 0.6190595030784607
13, 10, 0.8007505536079407, 0.502364993095398
14, 4, 0.7836752533912659, 0.5646432042121887
14, 19, 0.782058835029602, 0.5439383387565613
14, 22, 0.7628310918807983, 0.582054078578949
14, 17, 0.7488357424736023, 0.6080722808837891
14, 10, 0.8054940700531006, 0.4937097132205963
14, 3, 0.7638901472091675, 0.611081063747406
14, 15, 0.7650430798530579, 0.6064537763595581
14, 5, 0.799638032913208, 0.5251393914222717
14, 21, 0.7805095911026001, 0.5479151010513306
14, 2, 0.8091203570365906, 0.4942276179790497
14, 18, 0.8603867292404175, 0.392814576625824
15, 11, 0.7747337818145752, 0.5610363483428955
15, 17, 0.7484775185585022, 0.6094725131988525
15, 22, 0.7639996409416199, 0.5765842795372009
15, 10, 0.8116922974586487, 0.47757723927497864
15, 15, 0.7711960077285767, 0.5965295433998108
15, 4, 0.7844641804695129, 0.5561760663986206
15, 7, 0.7917498350143433, 0.5312160849571228
15, 9, 0.7798728942871094, 0.5536184310913086
15, 1, 0.7979787588119507, 0.5256789922714233
15, 20, 0.7729077935218811, 0.5752304792404175
15, 18, 0.8659114837646484, 0.37695440649986267
16, 5, 0.8099297881126404, 0.5006347298622131
16, 19, 0.7933003902435303, 0.5169849395751953
16, 22, 0.7726835012435913, 0.5581449866294861
16, 21, 0.7828075289726257, 0.541934072971344
16, 4, 0.7886242866516113, 0.5476223826408386
16, 10, 0.8157822489738464, 0.4707547128200531
16, 3, 0.7670338153839111, 0.6007155179977417
16, 17, 0.7563189268112183, 0.5897849798202515
16, 15, 0.7801769375801086, 0.5769839882850647
16, 18, 0.8700637817382812, 0.3658604025840759
16, 2, 0.8182926177978516, 0.4682815372943878
17, 1, 0.8082252144813538, 0.5032652020454407
17, 7, 0.7983985543251038, 0.5191366672515869
17, 9, 0.7792666554450989, 0.551013708114624
17, 10, 0.8193240761756897, 0.45937579870224
17, 22, 0.7766016125679016, 0.5473071336746216
17, 16, 0.7780603766441345, 0.5324872732162476
17, 6, 0.7917380928993225, 0.49889883399009705
17, 17, 0.7593042254447937, 0.586112380027771
17, 15, 0.7857375144958496, 0.5657247304916382
17, 18, 0.8732778429985046, 0.3583676815032959
17, 4, 0.7941949963569641, 0.5339980125427246
18, 4, 0.802276074886322, 0.5162476301193237
18, 5, 0.8153809309005737, 0.48650872707366943
18, 3, 0.7733434438705444, 0.5854808688163757
18, 14, 0.8115195631980896, 0.5070704817771912
18, 22, 0.7837732434272766, 0.537256121635437
18, 17, 0.7629463076591492, 0.5779855847358704
18, 15, 0.78739994764328, 0.55912184715271
18, 2, 0.8279445171356201, 0.44491639733314514
18, 20, 0.781956672668457, 0.5490804314613342
18, 18, 0.8764919638633728, 0.3493419885635376
18, 10, 0.8192397952079773, 0.45688140392303467
19, 4, 0.8044278621673584, 0.5109381079673767
19, 10, 0.8230556845664978, 0.44947734475135803
19, 22, 0.7820547819137573, 0.5402602553367615
19, 6, 0.7975520491600037, 0.4860081076622009
19, 9, 0.7835939526557922, 0.5422067642211914
19, 17, 0.7653345465660095, 0.5723286867141724
19, 21, 0.7945205569267273, 0.5210495591163635
19, 15, 0.7951006293296814, 0.5416778326034546
19, 1, 0.8112329840660095, 0.4969745874404907
19, 18, 0.8807310461997986, 0.34265145659446716
19, 7, 0.8052119016647339, 0.5073432922363281
20, 13, 0.8233640789985657, 0.5184985995292664
20, 5, 0.8244951963424683, 0.4698210656642914
20, 4, 0.8100941777229309, 0.49766555428504944
20, 10, 0.8237935900688171, 0.45166105031967163
20, 3, 0.7749933004379272, 0.577744722366333
20, 22, 0.7878058552742004, 0.5244952440261841
20, 2, 0.8352983593940735, 0.4268608093261719
20, 17, 0.7692751884460449, 0.5635558366775513
20, 20, 0.7909148335456848, 0.5355479121208191
20, 18, 0.8813043832778931, 0.3365430533885956
20, 14, 0.8197417855262756, 0.48684707283973694
21, 4, 0.8172428607940674, 0.4844059646129608
21, 22, 0.7895931005477905, 0.5219643115997314
21, 16, 0.7858702540397644, 0.5152089595794678
21, 10, 0.830476701259613, 0.44198644161224365
21, 15, 0.7921196818351746, 0.5417658090591431
21, 6, 0.8063851594924927, 0.46662455797195435
21, 7, 0.8113665580749512, 0.49454745650291443
21, 1, 0.8153435587882996, 0.4879451096057892
21, 17, 0.7701707482337952, 0.5644455552101135
21, 18, 0.8840320110321045, 0.32805609703063965
21, 9, 0.7864369750022888, 0.5360190272331238
22, 2, 0.8394748568534851, 0.42146459221839905
22, 4, 0.8230287432670593, 0.46853119134902954
22, 21, 0.8007005453109741, 0.5033416748046875
22, 10, 0.8306242227554321, 0.43396151065826416
22, 3, 0.7782707810401917, 0.5693788528442383
22, 5, 0.8297283053398132, 0.4550679326057434
22, 17, 0.7747681140899658, 0.5517949461936951
22, 13, 0.8309765458106995, 0.49186843633651733
22, 20, 0.7977695465087891, 0.5133567452430725
22, 18, 0.8836671710014343, 0.32993367314338684
22, 22, 0.7923426032066345, 0.5138971209526062
23, 4, 0.8272844552993774, 0.45583978295326233
23, 16, 0.7929373383522034, 0.5040250420570374
23, 6, 0.8098123073577881, 0.45558950304985046
23, 11, 0.7952104210853577, 0.5206880569458008
23, 1, 0.8227226138114929, 0.4739539623260498
23, 9, 0.7877121567726135, 0.5283410549163818
23, 15, 0.7927885055541992, 0.5438894629478455
23, 10, 0.8319524526596069, 0.4303007125854492
23, 18, 0.8862037062644958, 0.3248176574707031
23, 17, 0.7791864275932312, 0.5474724769592285
23, 7, 0.8160597681999207, 0.4857218265533447
24, 3, 0.7860965132713318, 0.5495216846466064
24, 22, 0.7940839529037476, 0.5108271837234497
24, 5, 0.8323448896408081, 0.44694438576698303
24, 13, 0.8352475166320801, 0.48133936524391174
24, 17, 0.7825299501419067, 0.538619875907898
24, 10, 0.8357683420181274, 0.4235629141330719
24, 4, 0.8284559845924377, 0.4591042399406433
24, 9, 0.7935655117034912, 0.5133038759231567
24, 18, 0.8888097405433655, 0.3178200125694275
24, 20, 0.8032278418540955, 0.4990920126438141
24, 2, 0.8499660491943359, 0.40138494968414307
25, 4, 0.8345287442207336, 0.4384383261203766
25, 22, 0.7997204661369324, 0.5009866952896118
25, 21, 0.8063228130340576, 0.491397887468338
25, 1, 0.825289249420166, 0.46428966522216797
25, 15, 0.793571949005127, 0.5503891110420227
25, 7, 0.8162244558334351, 0.48122555017471313
25, 6, 0.8143818974494934, 0.44671431183815
25, 10, 0.8363797068595886, 0.4226621389389038
25, 17, 0.784778892993927, 0.5361894965171814
25, 18, 0.8906860947608948, 0.31397172808647156
25, 9, 0.7957395911216736, 0.5080822706222534
26, 16, 0.798316478729248, 0.49017730355262756
26, 4, 0.8364653587341309, 0.4403635561466217
26, 9, 0.7983108758926392, 0.49954766035079956
26, 13, 0.8400716781616211, 0.4655866324901581
26, 17, 0.7889583110809326, 0.5256133079528809
26, 20, 0.812403678894043, 0.4850223660469055
26, 3, 0.7866092920303345, 0.5555724501609802
26, 14, 0.8232746124267578, 0.4804916977882385
26, 10, 0.8388674259185791, 0.4114514887332916
26, 18, 0.891572117805481, 0.31265467405319214
26, 2, 0.8582790493965149, 0.3853536546230316
27, 4, 0.8403624296188354, 0.4270668923854828
27, 22, 0.8020117282867432, 0.49112460017204285
27, 9, 0.8011330366134644, 0.4966217577457428
27, 1, 0.8271540403366089, 0.4618551433086395
27, 17, 0.7910082340240479, 0.5208590626716614
27, 21, 0.8098478317260742, 0.48343729972839355
27, 10, 0.8421141505241394, 0.4082918167114258
27, 6, 0.8172582387924194, 0.439428448677063
27, 18, 0.893761157989502, 0.30431023240089417
27, 15, 0.799285352230072, 0.5414994359016418
27, 7, 0.8208559155464172, 0.47559991478919983
28, 4, 0.8426576852798462, 0.4234693646430969
28, 3, 0.7873227596282959, 0.554183840751648
28, 10, 0.8429785370826721, 0.40441685914993286
28, 5, 0.8374252915382385, 0.4364638924598694
28, 17, 0.792421281337738, 0.5177865028381348
28, 13, 0.8435238599777222, 0.4594879746437073
28, 2, 0.8645537495613098, 0.36781126260757446
28, 22, 0.8091604709625244, 0.4819546341896057
28, 9, 0.8032653331756592, 0.489859014749527
28, 20, 0.8155045509338379, 0.4774883985519409
28, 18, 0.8940565586090088, 0.30564793944358826
29, 22, 0.8101915717124939, 0.4761829078197479
29, 4, 0.8454071879386902, 0.41549229621887207
29, 7, 0.8249109983444214, 0.46701115369796753
29, 17, 0.7946901321411133, 0.511767566204071
29, 18, 0.8952553272247314, 0.303066223859787
29, 9, 0.8018019795417786, 0.4908028841018677
29, 10, 0.8432525992393494, 0.4042600989341736
29, 15, 0.7979477643966675, 0.5364360809326172
29, 6, 0.8233578205108643, 0.4275541603565216
29, 1, 0.8319664597511292, 0.4500358998775482
29, 21, 0.8159608840942383, 0.4715534448623657
30, 4, 0.8466265201568604, 0.4137365520000458
30, 22, 0.8104894161224365, 0.4696692228317261
30, 3, 0.7889503240585327, 0.5488482713699341
30, 13, 0.8450508117675781, 0.4450277090072632
30, 16, 0.8051585555076599, 0.48480236530303955
30, 9, 0.8056275844573975, 0.4846571385860443
30, 20, 0.8242270350456238, 0.45963191986083984
30, 10, 0.8471317291259766, 0.39592602849006653
30, 17, 0.7953070998191833, 0.5056882500648499
30, 18, 0.898052453994751, 0.2940858006477356
30, 2, 0.8673114776611328, 0.36273467540740967
31, 22, 0.8143158555030823, 0.46761131286621094
31, 4, 0.8486826419830322, 0.40768787264823914
31, 21, 0.8165633082389832, 0.4694511592388153
31, 9, 0.809578537940979, 0.4783830940723419
31, 5, 0.8425493836402893, 0.421025812625885
31, 10, 0.8491345643997192, 0.3903944492340088
31, 6, 0.8260709643363953, 0.4230616092681885
31, 15, 0.7973936200141907, 0.5378504395484924
31, 17, 0.7956454157829285, 0.5067507028579712
31, 18, 0.8972880244255066, 0.292937695980072
31, 7, 0.8254667520523071, 0.4647102355957031
32, 3, 0.78854900598526, 0.5472500324249268
32, 16, 0.8074992895126343, 0.47526079416275024
32, 9, 0.8095576763153076, 0.47598695755004883
32, 10, 0.8501465320587158, 0.3872959613800049
32, 13, 0.8451393246650696, 0.443068265914917
32, 20, 0.8283253312110901, 0.4508529007434845
32, 2, 0.87244713306427, 0.3491385281085968
32, 17, 0.7976953387260437, 0.5031974911689758
32, 18, 0.8992338180541992, 0.29014378786087036
32, 1, 0.8328086733818054, 0.44762158393859863
32, 0, 0.8204979300498962, 0.48335129022598267
33, 4, 0.8359154462814331, 0.44440802931785583
33, 14, 0.8257559537887573, 0.4776410460472107
33, 23, 0.8482011556625366, 0.41489532589912415
33, 17, 0.8014767169952393, 0.4983278512954712
33, 22, 0.8133076429367065, 0.4695729613304138
33, 10, 0.8506735563278198, 0.38703569769859314
33, 5, 0.8462997674942017, 0.4122944176197052
33, 7, 0.827792763710022, 0.4629325866699219
33, 6, 0.8308853507041931, 0.41425931453704834
33, 18, 0.9000677466392517, 0.28775691986083984
33, 9, 0.808742344379425, 0.4760487675666809
34, 3, 0.7929189205169678, 0.5399771332740784
34, 2, 0.8763838410377502, 0.34294432401657104
34, 9, 0.8091186285018921, 0.4735426902770996
34, 21, 0.8207353353500366, 0.4615062475204468
34, 17, 0.8023325204849243, 0.4950571358203888
34, 0, 0.8299263715744019, 0.4593467712402344
34, 15, 0.7954827547073364, 0.5415351986885071
34, 1, 0.8401676416397095, 0.43092942237854004
34, 20, 0.8338380455970764, 0.4388149678707123
34, 18, 0.9032123684883118, 0.2809664011001587
34, 10, 0.8525499105453491, 0.38329997658729553
35, 6, 0.833741307258606, 0.4077526032924652
35, 10, 0.8563025593757629, 0.3778265118598938
35, 4, 0.8414144515991211, 0.4419073164463043
35, 13, 0.8479054570198059, 0.43789029121398926
35, 3, 0.7962632775306702, 0.5314667820930481
35, 18, 0.902725875377655, 0.27816295623779297
35, 16, 0.8120681643486023, 0.4658799469470978
35, 9, 0.8101011514663696, 0.46842560172080994
35, 5, 0.8495486378669739, 0.4056524336338043
35, 17, 0.8047406673431396, 0.4931834936141968
35, 7, 0.828122079372406, 0.45648282766342163
36, 21, 0.8221855163574219, 0.45623141527175903
36, 4, 0.8522689342498779, 0.3986409902572632
36, 22, 0.8140408992767334, 0.4662325978279114
36, 2, 0.8794412612915039, 0.33353033661842346
36, 10, 0.8560073971748352, 0.37322866916656494
36, 9, 0.810519278049469, 0.46695125102996826
36, 15, 0.8062217235565186, 0.5198433995246887
36, 1, 0.8431553244590759, 0.4238584041595459
36, 20, 0.8392419815063477, 0.4326096475124359
36, 17, 0.8041635155677795, 0.4913453161716461
36, 18, 0.9031081199645996, 0.27967366576194763
37, 3, 0.7968875169754028, 0.5344033241271973
37, 7, 0.8291513323783875, 0.45292791724205017
37, 13, 0.8482373952865601, 0.43410664796829224
37, 10, 0.859233021736145, 0.3678261339664459
37, 4, 0.8478936553001404, 0.40774065256118774
37, 16, 0.8149715065956116, 0.4629991948604584
37, 6, 0.8395144939422607, 0.39768919348716736
37, 9, 0.8138849139213562, 0.46238964796066284
37, 17, 0.8089599013328552, 0.48190444707870483
37, 5, 0.8489381074905396, 0.404911607503891
37, 18, 0.9043763875961304, 0.27340251207351685
38, 4, 0.8489456176757812, 0.40378451347351074
38, 21, 0.8261121511459351, 0.45113489031791687
38, 22, 0.8147969841957092, 0.4639972746372223
38, 10, 0.8601817488670349, 0.36562004685401917
38, 1, 0.8456217050552368, 0.41884371638298035
38, 9, 0.8145539164543152, 0.45899349451065063
38, 17, 0.8096166849136353, 0.4794025421142578
38, 2, 0.882798433303833, 0.32537275552749634
38, 15, 0.8098713755607605, 0.5117108225822449
38, 18, 0.9067565202713013, 0.26968446373939514
38, 20, 0.8408196568489075, 0.42769935727119446
39, 16, 0.8169296383857727, 0.4608928859233856
39, 4, 0.8522689342498779, 0.39568665623664856
39, 6, 0.8414932489395142, 0.39399778842926025
39, 3, 0.7965754270553589, 0.5338449478149414
39, 14, 0.8258611559867859, 0.46721789240837097
39, 5, 0.8520779609680176, 0.39852413535118103
39, 10, 0.8613834381103516, 0.36681482195854187
39, 13, 0.8516231775283813, 0.43317410349845886
39, 7, 0.8323418498039246, 0.4485647678375244
39, 18, 0.9063395857810974, 0.267936110496521
39, 17, 0.8116267919540405, 0.47429758310317993
40, 21, 0.827004611492157, 0.44614940881729126
40, 22, 0.8144991397857666, 0.46419328451156616
40, 4, 0.8552336096763611, 0.3911573886871338
40, 9, 0.8101220726966858, 0.4684457778930664
40, 1, 0.8460227251052856, 0.41772451996803284
40, 8, 0.806598424911499, 0.48396244645118713
40, 2, 0.8822788596153259, 0.32495179772377014
40, 18, 0.9099706411361694, 0.2635346055030823
40, 17, 0.8123830556869507, 0.47338321805000305
40, 15, 0.8131771683692932, 0.5072862505912781
40, 20, 0.8455707430839539, 0.4163609445095062
41, 4, 0.8564768433570862, 0.38649988174438477
41, 3, 0.7987603545188904, 0.528053343296051
41, 17, 0.8138558268547058, 0.4710448682308197
41, 9, 0.8163726329803467, 0.4571745693683624
41, 13, 0.8540574312210083, 0.4207446277141571
41, 6, 0.8442472219467163, 0.38966816663742065
41, 16, 0.8201255798339844, 0.44912460446357727
41, 14, 0.835639476776123, 0.44673848152160645
41, 10, 0.8560495972633362, 0.3820125162601471
41, 18, 0.9100748896598816, 0.2616806924343109
41, 7, 0.8344208598136902, 0.4411493241786957
42, 22, 0.8199065327644348, 0.4553271532058716
42, 21, 0.8301280736923218, 0.4380393326282501
42, 17, 0.8118855357170105, 0.4754723906517029
42, 9, 0.8167070746421814, 0.45739641785621643
42, 15, 0.816941499710083, 0.4965824782848358
42, 4, 0.8581265211105347, 0.3777763545513153
42, 10, 0.8613201975822449, 0.36512207984924316
42, 1, 0.8463836908340454, 0.41665464639663696
42, 2, 0.8873546123504639, 0.31363949179649353
42, 18, 0.9105439782142639, 0.259761780500412
42, 20, 0.8483452796936035, 0.41193947196006775
43, 16, 0.8240417838096619, 0.4477366805076599
43, 3, 0.7990502119064331, 0.5256558060646057
43, 10, 0.8639976382255554, 0.36009594798088074
43, 4, 0.8570745587348938, 0.38555264472961426
43, 6, 0.8457568287849426, 0.3867519795894623
43, 5, 0.8520997762680054, 0.39968207478523254
43, 13, 0.8543229699134827, 0.4164789617061615
43, 9, 0.8158081769943237, 0.45514753460884094
43, 17, 0.8189507722854614, 0.4577282965183258
43, 18, 0.9104744791984558, 0.2584663927555084
43, 7, 0.8366645574569702, 0.4377572238445282
44, 4, 0.8586764335632324, 0.37682950496673584
44, 20, 0.8511741757392883, 0.4070984721183777
44, 21, 0.8317344188690186, 0.4309978187084198
44, 17, 0.8163236975669861, 0.4622398316860199
44, 10, 0.8630067706108093, 0.3590884208679199
44, 15, 0.8191198706626892, 0.49482959508895874
44, 9, 0.8138431310653687, 0.45708850026130676
44, 1, 0.8541035652160645, 0.4051503539085388
44, 18, 0.9110825657844543, 0.2567138373851776
44, 22, 0.8172257542610168, 0.45719531178474426
44, 2, 0.8905519247055054, 0.3075026869773865
45, 3, 0.8002095818519592, 0.526419997215271
45, 7, 0.8371791243553162, 0.4346218407154083
45, 8, 0.8080204725265503, 0.48294031620025635
45, 10, 0.865009605884552, 0.3562326431274414
45, 13, 0.8548540472984314, 0.41781190037727356
45, 9, 0.8168743252754211, 0.4524889290332794
45, 16, 0.8250770568847656, 0.4417285919189453
45, 6, 0.8487352132797241, 0.3768458366394043
45, 0, 0.8324740529060364, 0.45365387201309204
45, 18, 0.9119512438774109, 0.25414150953292847
45, 17, 0.8186721205711365, 0.46029412746429443
46, 20, 0.8531326651573181, 0.39888980984687805
46, 15, 0.8242982625961304, 0.4797409772872925
46, 22, 0.8214874863624573, 0.44832366704940796
46, 10, 0.8650939464569092, 0.35643982887268066
46, 18, 0.9133584499359131, 0.2508755326271057
46, 17, 0.8183537125587463, 0.4607536494731903
46, 9, 0.819278359413147, 0.44946524500846863
46, 21, 0.832827627658844, 0.4322371184825897
46, 2, 0.8922105431556702, 0.3063713312149048
46, 4, 0.8544207215309143, 0.3899798095226288
46, 1, 0.8516973853111267, 0.4071926176548004
47, 13, 0.8579300045967102, 0.4096200466156006
47, 3, 0.8023053407669067, 0.5214975476264954
47, 5, 0.8527321219444275, 0.3982107639312744
47, 9, 0.8206790089607239, 0.44669216871261597
47, 7, 0.8392375707626343, 0.42859235405921936
47, 0, 0.8409597277641296, 0.43217259645462036
47, 17, 0.8253194093704224, 0.4496541917324066
47, 16, 0.826449990272522, 0.4400680661201477
47, 6, 0.8484700322151184, 0.38073623180389404
47, 18, 0.9118469953536987, 0.2521663308143616
47, 10, 0.8656842112541199, 0.35285308957099915
48, 21, 0.8390745520591736, 0.4218502938747406
48, 4, 0.857528805732727, 0.38881638646125793
48, 1, 0.8545046448707581, 0.40114670991897583
48, 22, 0.8248327374458313, 0.44704189896583557
48, 17, 0.8213390111923218, 0.4546241760253906
48, 2, 0.8925102949142456, 0.3031851649284363
48, 10, 0.8683406114578247, 0.34891068935394287
48, 9, 0.8200936317443848, 0.44855985045433044
48, 15, 0.8266676664352417, 0.47634389996528625
48, 18, 0.9153563976287842, 0.24755412340164185
48, 20, 0.8597515821456909, 0.39241164922714233
49, 16, 0.8251895904541016, 0.4385533928871155
49, 13, 0.8583947420120239, 0.40806442499160767
49, 10, 0.8682562708854675, 0.35091689229011536
49, 4, 0.8590589761734009, 0.38301461935043335
49, 3, 0.8032640814781189, 0.5190979838371277
49, 6, 0.8533455729484558, 0.37055909633636475
49, 14, 0.8351978659629822, 0.453869104385376
49, 17, 0.8241053819656372, 0.44650208950042725
49, 18, 0.915217399597168, 0.2464650571346283
49, 7, 0.8407402038574219, 0.4248165786266327
49, 9, 0.8197382688522339, 0.442791223526001
50, 4, 0.8609955310821533, 0.37117040157318115
50, 22, 0.8245119452476501, 0.4440425932407379
50, 21, 0.8395207524299622, 0.4227451980113983
50, 17, 0.822513222694397, 0.4506235718727112
50, 2, 0.8948683142662048, 0.2956618666648865
50, 9, 0.8215987682342529, 0.44396090507507324
50, 10, 0.8683617115020752, 0.3457404673099518
50, 18, 0.9161903262138367, 0.2427704632282257
50, 15, 0.8269925117492676, 0.47584858536720276
50, 20, 0.8581920266151428, 0.3961485028266907
50, 1, 0.853622317314148, 0.39613479375839233
51, 13, 0.8592799305915833, 0.4048852324485779
51, 11, 0.8368438482284546, 0.4489399492740631
51, 3, 0.8012574911117554, 0.5181857943534851
51, 10, 0.8684670925140381, 0.3494327962398529
51, 4, 0.8624061346054077, 0.37085092067718506
51, 16, 0.8283630609512329, 0.43481048941612244
51, 19, 0.7998957633972168, 0.5062334537506104
51, 18, 0.9162598252296448, 0.24323813617229462
51, 17, 0.8257572650909424, 0.44266486167907715
51, 7, 0.8441365957260132, 0.4189300239086151
51, 9, 0.8207207918167114, 0.442856103181839
52, 9, 0.8210761547088623, 0.4441041350364685
52, 10, 0.8706807494163513, 0.34389451146125793
52, 1, 0.8574120998382568, 0.394806832075119
52, 0, 0.8390740156173706, 0.4363298714160919
52, 2, 0.8966668248176575, 0.2907927632331848
52, 17, 0.8208016753196716, 0.4511467218399048
52, 22, 0.8267573714256287, 0.4407254457473755
52, 21, 0.8432466387748718, 0.4144291281700134
52, 20, 0.8540574908256531, 0.39526110887527466
52, 15, 0.8304893374443054, 0.4660853445529938
52, 18, 0.9170764088630676, 0.2402433604001999
53, 13, 0.8615370988845825, 0.40009772777557373
53, 16, 0.8320091962814331, 0.42976993322372437
53, 4, 0.8590828776359558, 0.38696223497390747
53, 7, 0.8465655446052551, 0.4143121540546417
53, 10, 0.8706807494163513, 0.3451676368713379
53, 3, 0.8060510158538818, 0.5142053365707397
53, 5, 0.8576163053512573, 0.3833918571472168
53, 18, 0.9176149964332581, 0.2372574508190155
53, 9, 0.823292076587677, 0.4409943222999573
53, 17, 0.8273295164108276, 0.4389312267303467
53, 6, 0.8495920300483704, 0.3791365921497345
54, 22, 0.82639080286026, 0.44096803665161133
54, 23, 0.8584697842597961, 0.3944742977619171
54, 10, 0.8722197413444519, 0.33831948041915894
54, 17, 0.8289018273353577, 0.4372802674770355
54, 21, 0.8446298837661743, 0.40932759642601013
54, 1, 0.8608409762382507, 0.3869805932044983
54, 9, 0.8222677707672119, 0.44189175963401794
54, 15, 0.8337951302528381, 0.4641081988811493
54, 20, 0.8627799153327942, 0.37868258357048035
54, 2, 0.8987849950790405, 0.2874234914779663
54, 18, 0.9170242547988892, 0.24003173410892487
55, 13, 0.8608289361000061, 0.394806444644928
55, 5, 0.8617591857910156, 0.37768831849098206
55, 16, 0.8324143290519714, 0.43069732189178467
55, 9, 0.8234174847602844, 0.4387311339378357
55, 17, 0.8281057476997375, 0.434679239988327
55, 10, 0.8703644871711731, 0.3418881297111511
55, 3, 0.8052037954330444, 0.5165684819221497
55, 7, 0.847224235534668, 0.4108733534812927
55, 15, 0.8385149240493774, 0.4444613456726074
55, 6, 0.8563239574432373, 0.368622750043869
55, 18, 0.9180145859718323, 0.23665004968643188
56, 2, 0.9000639319419861, 0.28279685974121094
56, 21, 0.8472402095794678, 0.4045749306678772
56, 1, 0.8599386215209961, 0.38530272245407104
56, 10, 0.8731263279914856, 0.3377155363559723
56, 22, 0.8293235898017883, 0.4343980550765991
56, 4, 0.858556866645813, 0.38394707441329956
56, 12, 0.8462496995925903, 0.4238017201423645
56, 9, 0.8219332695007324, 0.43948787450790405
56, 20, 0.8656088709831238, 0.3730110228061676
56, 18, 0.9195955395698547, 0.23432806134223938
56, 17, 0.8322652578353882, 0.4326880872249603
57, 10, 0.8744123578071594, 0.3362754285335541
57, 3, 0.8056496977806091, 0.5109785795211792
57, 16, 0.8315365314483643, 0.4317389130592346
57, 8, 0.8085017800331116, 0.47937238216400146
57, 6, 0.8587515354156494, 0.36104288697242737
57, 13, 0.8618911504745483, 0.39585381746292114
57, 7, 0.8465243577957153, 0.40879327058792114
57, 17, 0.8325040936470032, 0.427005797624588
57, 15, 0.8360499143600464, 0.4522554874420166
57, 18, 0.9182404279708862, 0.23664212226867676
57, 9, 0.8246508836746216, 0.4357125759124756
58, 4, 0.8587959408760071, 0.38425660133361816
58, 22, 0.8283383846282959, 0.44012823700904846
58, 10, 0.873252809047699, 0.33821555972099304
58, 9, 0.8242745995521545, 0.43461155891418457
58, 23, 0.8599892258644104, 0.3867211937904358
58, 21, 0.8488688468933105, 0.40198808908462524
58, 17, 0.8314691781997681, 0.42855024337768555
58, 18, 0.920516312122345, 0.23173607885837555
58, 2, 0.9018024802207947, 0.2794976532459259
58, 1, 0.8603597283363342, 0.38737422227859497
58, 20, 0.8689092397689819, 0.37071120738983154
59, 3, 0.8042896389961243, 0.5100937485694885
59, 13, 0.861404299736023, 0.39415431022644043
59, 16, 0.8328419327735901, 0.42487072944641113
59, 6, 0.8628926873207092, 0.35470065474510193
59, 7, 0.8501471877098083, 0.4024277627468109
59, 10, 0.8740328550338745, 0.3391389846801758
59, 17, 0.8342355489730835, 0.4256105422973633
59, 18, 0.9193522930145264, 0.23262928426265717
59, 15, 0.8367569446563721, 0.45425328612327576
59, 9, 0.8258633613586426, 0.4340759515762329
59, 5, 0.8618682026863098, 0.3778471052646637
60, 4, 0.8596566915512085, 0.38357996940612793
60, 23, 0.865454375743866, 0.3748374581336975
60, 21, 0.8483780026435852, 0.401690810918808
60, 9, 0.823396623134613, 0.4350118339061737
60, 10, 0.875150203704834, 0.3357440233230591
60, 2, 0.901982307434082, 0.2774646580219269
60, 1, 0.8605000972747803, 0.3823264539241791
60, 22, 0.8309046030044556, 0.4322951138019562
60, 17, 0.8356087803840637, 0.4193812608718872
60, 20, 0.8700516819953918, 0.3627948462963104
60, 18, 0.9211418032646179, 0.2277868390083313
61, 5, 0.863263726234436, 0.3727337419986725
61, 3, 0.8062293529510498, 0.509465217590332
61, 13, 0.8619575500488281, 0.3881705105304718
61, 6, 0.8625662922859192, 0.35512688755989075
61, 7, 0.851464569568634, 0.39715132117271423
61, 16, 0.8343273997306824, 0.4235404133796692
61, 17, 0.8359272480010986, 0.420157253742218
61, 15, 0.8362983465194702, 0.4522411525249481
61, 10, 0.8750237226486206, 0.33484211564064026
61, 18, 0.921697735786438, 0.22950181365013123
61, 9, 0.8251734972000122, 0.42999202013015747
62, 12, 0.8500378727912903, 0.4088954031467438
62, 4, 0.8627886772155762, 0.37595468759536743
62, 17, 0.8417386412620544, 0.41428428888320923
62, 22, 0.8358536958694458, 0.42592665553092957
62, 21, 0.8490919470787048, 0.39964717626571655
62, 10, 0.8756140470504761, 0.33275720477104187
62, 1, 0.8658539056777954, 0.37554261088371277
62, 9, 0.827201247215271, 0.4321388602256775
62, 20, 0.8704506158828735, 0.3629381060600281
62, 18, 0.9210723042488098, 0.22872589528560638
62, 2, 0.9033612012863159, 0.2766280770301819
63, 11, 0.8381338715553284, 0.44164860248565674
63, 3, 0.8072995543479919, 0.5114331245422363
63, 13, 0.8659408092498779, 0.38836508989334106
63, 10, 0.8747074604034424, 0.33503007888793945
63, 9, 0.8286018967628479, 0.428968608379364
63, 7, 0.8526172637939453, 0.39628222584724426
63, 15, 0.8390308022499084, 0.4428308606147766
63, 19, 0.8059471249580383, 0.5016236901283264
63, 17, 0.8386538028717041, 0.41374942660331726
63, 16, 0.8336071372032166, 0.42106014490127563
63, 18, 0.9220452308654785, 0.22576357424259186
64, 22, 0.835235059261322, 0.42422521114349365
64, 9, 0.8270967602729797, 0.4312613606452942
64, 4, 0.8608521223068237, 0.3741060793399811
64, 23, 0.8640819787979126, 0.37723663449287415
64, 21, 0.851189136505127, 0.39680570363998413
64, 2, 0.9038407802581787, 0.2741122543811798
64, 1, 0.8653726577758789, 0.3740871250629425
64, 17, 0.8362058401107788, 0.4165131747722626
64, 20, 0.8679118752479553, 0.3686066269874573
64, 18, 0.921697735786438, 0.22789868712425232
64, 10, 0.8771319389343262, 0.3267644941806793
65, 4, 0.8669487833976746, 0.3560609221458435
65, 5, 0.865117073059082, 0.36935845017433167
65, 16, 0.8356328010559082, 0.41778719425201416
65, 7, 0.852514386177063, 0.39391010999679565
65, 15, 0.8421263694763184, 0.44066333770751953
65, 3, 0.8086596131324768, 0.5051001310348511
65, 10, 0.8763308525085449, 0.3323570787906647
65, 6, 0.855140745639801, 0.3762859106063843
65, 9, 0.8275148272514343, 0.42857301235198975
65, 17, 0.8390717506408691, 0.41382157802581787
65, 18, 0.9229139089584351, 0.22151914238929749
66, 22, 0.8357391357421875, 0.42241165041923523
66, 13, 0.8623780012130737, 0.3967026472091675
66, 9, 0.8286228179931641, 0.4292333126068115
66, 10, 0.8765627145767212, 0.3267471194267273
66, 17, 0.8404251337051392, 0.4103531241416931
66, 14, 0.8373427987098694, 0.4494810402393341
66, 20, 0.8713392019271851, 0.3592166602611542
66, 1, 0.8658739328384399, 0.37092629075050354
66, 0, 0.838151216506958, 0.4362959861755371
66, 2, 0.9076176285743713, 0.26729661226272583
66, 18, 0.9236435890197754, 0.22424310445785522
67, 3, 0.8096405863761902, 0.5057067275047302
67, 23, 0.8683952689170837, 0.3654661476612091
67, 10, 0.8777644038200378, 0.32288601994514465
67, 7, 0.8559519052505493, 0.3873310089111328
67, 4, 0.86558598279953, 0.36573532223701477
67, 16, 0.8367131352424622, 0.4171629548072815
67, 17, 0.8413605093955994, 0.41173049807548523
67, 6, 0.8620359301567078, 0.3593001067638397
67, 9, 0.8296053409576416, 0.4293060004711151
67, 8, 0.8097050786018372, 0.47443386912345886
67, 18, 0.9244080185890198, 0.22210489213466644
68, 10, 0.877848744392395, 0.3253646194934845
68, 21, 0.8518807888031006, 0.39943358302116394
68, 2, 0.9089365005493164, 0.26441991329193115
68, 9, 0.828518271446228, 0.42936229705810547
68, 13, 0.8668038845062256, 0.38538283109664917
68, 17, 0.838315486907959, 0.41667234897613525
68, 1, 0.8668565154075623, 0.36698389053344727
68, 22, 0.8352580070495605, 0.42383015155792236
68, 20, 0.8758001923561096, 0.3521726131439209
68, 15, 0.8382091522216797, 0.4480133652687073
68, 18, 0.9231223464012146, 0.22071830928325653
69, 12, 0.8529462218284607, 0.40162393450737
69, 5, 0.8671449422836304, 0.36596938967704773
69, 9, 0.8287482261657715, 0.4261801540851593
69, 10, 0.8803364634513855, 0.3201615810394287
69, 6, 0.8670950531959534, 0.3461552560329437
69, 3, 0.8119816184043884, 0.4985351860523224
69, 17, 0.8413206934928894, 0.4092894196510315
69, 16, 0.8381535410881042, 0.4137144386768341
69, 7, 0.8574751615524292, 0.3842257261276245
69, 18, 0.9237651824951172, 0.22001485526561737
69, 4, 0.8642231822013855, 0.3716262876987457
70, 3, 0.8136537671089172, 0.4941138029098511
70, 9, 0.8293126225471497, 0.4263021647930145
70, 22, 0.8375034332275391, 0.4195791184902191
70, 10, 0.880357563495636, 0.31849560141563416
70, 13, 0.8670473098754883, 0.3803912103176117
70, 20, 0.8763985633850098, 0.346242755651474
70, 15, 0.8405212759971619, 0.4441724419593811
70, 17, 0.8412609696388245, 0.4079578220844269
70, 1, 0.8684606552124023, 0.36269527673721313
70, 2, 0.9078574180603027, 0.2672562599182129
70, 18, 0.9251550436019897, 0.21732822060585022
71, 21, 0.8539333343505859, 0.392212837934494
71, 16, 0.8417096138000488, 0.40811753273010254
71, 4, 0.8661119937896729, 0.36625954508781433
71, 13, 0.8698798418045044, 0.3703335225582123
71, 6, 0.8697266578674316, 0.3450509011745453
71, 9, 0.8311522603034973, 0.42387649416923523
71, 3, 0.8144787549972534, 0.49302318692207336
71, 17, 0.8404449820518494, 0.4080793559551239
71, 10, 0.8795986175537109, 0.32042500376701355
71, 18, 0.9241995215415955, 0.22030504047870636
71, 7, 0.856651782989502, 0.38335901498794556
72, 22, 0.8377783894538879, 0.415391206741333
72, 10, 0.8812219500541687, 0.3188898265361786
72, 15, 0.8451455235481262, 0.43343693017959595
72, 14, 0.8371745944023132, 0.44360873103141785
72, 4, 0.8709654211997986, 0.35046374797821045
72, 1, 0.8712077140808105, 0.3623662292957306
72, 17, 0.8405644297599792, 0.40851685404777527
72, 2, 0.9080772399902344, 0.26420947909355164
72, 18, 0.9262495636940002, 0.21814878284931183
72, 20, 0.8788648247718811, 0.34564733505249023
72, 9, 0.8289363384246826, 0.42566806077957153
73, 19, 0.8149675726890564, 0.4853181838989258
73, 5, 0.8699795007705688, 0.360139936208725
73, 13, 0.8685742020606995, 0.3796192407608032
73, 10, 0.8796196579933167, 0.32005080580711365
73, 0, 0.8371481895446777, 0.4380321204662323
73, 17, 0.84621661901474, 0.40053966641426086
73, 3, 0.8123606443405151, 0.4971941113471985
73, 16, 0.8424973487854004, 0.4084787368774414
73, 18, 0.924842357635498, 0.21797750890254974
73, 9, 0.8288527727127075, 0.42381542921066284
73, 7, 0.858319103717804, 0.3808344900608063
74, 21, 0.8523715734481812, 0.3941957354545593
74, 22, 0.8397718071937561, 0.4137926399707794
74, 17, 0.8445249199867249, 0.4027513265609741
74, 2, 0.9100355505943298, 0.25829848647117615
74, 1, 0.8710874319076538, 0.3605569899082184
74, 9, 0.8295844197273254, 0.4268438518047333
74, 4, 0.8668531775474548, 0.35860875248908997
74, 10, 0.8821073770523071, 0.31769105792045593
74, 15, 0.8443429470062256, 0.430835098028183
74, 20, 0.8753105401992798, 0.3529004454612732
74, 18, 0.9239910244941711, 0.21926358342170715
75, 19, 0.8249626159667969, 0.45608457922935486
75, 9, 0.8325110673904419, 0.4223681390285492
75, 13, 0.869171679019928, 0.3808186650276184
75, 3, 0.8120707869529724, 0.49872836470603943
75, 4, 0.8711566925048828, 0.348380982875824
75, 11, 0.8436928391456604, 0.43295735120773315
75, 16, 0.839684009552002, 0.41253662109375
75, 10, 0.8825922608375549, 0.31772536039352417
75, 7, 0.856754720211029, 0.38317540287971497
75, 17, 0.8488436937332153, 0.3936150074005127
75, 18, 0.9266144037246704, 0.21283438801765442
76, 10, 0.8833723068237305, 0.3152972161769867
76, 1, 0.8713681101799011, 0.3602900505065918
76, 20, 0.8740955591201782, 0.35378557443618774
76, 9, 0.8306923508644104, 0.4230210781097412
76, 23, 0.8650132417678833, 0.3758775293827057
76, 22, 0.8415589928627014, 0.4144364297389984
76, 15, 0.8481646180152893, 0.42491602897644043
76, 21, 0.8568114042282104, 0.3889588713645935
76, 18, 0.925849974155426, 0.2157358080148697
76, 2, 0.9120138883590698, 0.25813156366348267
76, 17, 0.846634566783905, 0.3978274464607239
77, 4, 0.8689332008361816, 0.35993772745132446
77, 16, 0.8418446779251099, 0.40526342391967773
77, 14, 0.8380157351493835, 0.4429698586463928
77, 10, 0.8824025392532349, 0.3140202760696411
77, 13, 0.8699240684509277, 0.3722308278083801
77, 19, 0.8327138423919678, 0.43824517726898193
77, 3, 0.8130518198013306, 0.49686160683631897
77, 18, 0.9264928102493286, 0.21448886394500732
77, 9, 0.8326573967933655, 0.42244836688041687
77, 17, 0.845977783203125, 0.397495836019516
77, 7, 0.8595747351646423, 0.3767091631889343
78, 9, 0.831214964389801, 0.42245981097221375
78, 22, 0.8420401215553284, 0.41239815950393677
78, 1, 0.8722503781318665, 0.35616394877433777
78, 2, 0.9115743041038513, 0.25622090697288513
78, 10, 0.8864503502845764, 0.3081628084182739
78, 15, 0.8480499982833862, 0.4237614572048187
78, 4, 0.8753167986869812, 0.3395635783672333
78, 21, 0.8566105961799622, 0.38562828302383423
78, 17, 0.8497790694236755, 0.39236679673194885
78, 18, 0.927031397819519, 0.21408438682556152
78, 20, 0.8777586221694946, 0.3461841344833374
79, 5, 0.869041919708252, 0.3597874045372009
79, 0, 0.841019868850708, 0.42697837948799133
79, 15, 0.8532856702804565, 0.41382503509521484
79, 16, 0.843172550201416, 0.4080868661403656
79, 7, 0.861468493938446, 0.37358322739601135
79, 13, 0.8687734007835388, 0.3789060413837433
79, 10, 0.8829506635665894, 0.31178101897239685
79, 3, 0.8126282095909119, 0.49649542570114136
79, 18, 0.9268576502799988, 0.21317970752716064
79, 6, 0.8613423109054565, 0.3617679178714752
79, 9, 0.8315912485122681, 0.42061614990234375
80, 21, 0.859734058380127, 0.38382688164711
80, 4, 0.8674030303955078, 0.3553183972835541
80, 9, 0.8315703868865967, 0.4212360084056854
80, 22, 0.8434377908706665, 0.41113653779029846
80, 20, 0.8803517818450928, 0.3402918875217438
80, 10, 0.8843421339988708, 0.3101116120815277
80, 17, 0.837837815284729, 0.41973260045051575
80, 1, 0.873473584651947, 0.35284170508384705
80, 15, 0.8567634224891663, 0.40345677733421326
80, 18, 0.9266839027404785, 0.20952020585536957
80, 2, 0.9129731059074402, 0.2568679749965668
81, 23, 0.8650867342948914, 0.38225409388542175
81, 3, 0.8129180669784546, 0.49956777691841125
81, 11, 0.8462494611740112, 0.43026334047317505
81, 13, 0.8687734007835388, 0.37960678339004517
81, 10, 0.8840048313140869, 0.3118515610694885
81, 16, 0.8447930216789246, 0.4048849046230316
81, 7, 0.8620036840438843, 0.3737151026725769
81, 6, 0.8685230612754822, 0.34848663210868835
81, 9, 0.8331591486930847, 0.4180155098438263
81, 17, 0.8479083180427551, 0.39388373494148254
81, 18, 0.9278653264045715, 0.21126212179660797
82, 21, 0.8537994623184204, 0.39393290877342224
82, 4, 0.8662793636322021, 0.36191198229789734
82, 17, 0.8478884100914001, 0.3990330100059509
82, 22, 0.8446751236915588, 0.40740320086479187
82, 9, 0.8329291939735413, 0.41797491908073425
82, 10, 0.8857125043869019, 0.3063519299030304
82, 18, 0.928143322467804, 0.20920974016189575
82, 1, 0.8734534978866577, 0.35349464416503906
82, 2, 0.9137324690818787, 0.25220587849617004
82, 15, 0.8521201014518738, 0.41212132573127747
82, 20, 0.881421685218811, 0.33316802978515625
83, 23, 0.8663856387138367, 0.3695809543132782
83, 16, 0.84425288438797, 0.4020264148712158
83, 14, 0.8400765657424927, 0.4399235248565674
83, 19, 0.8296314477920532, 0.44858041405677795
83, 13, 0.8686848282814026, 0.3780650794506073
83, 17, 0.8507542610168457, 0.38930758833885193
83, 3, 0.813698410987854, 0.4957159161567688
83, 7, 0.8626006245613098, 0.37199708819389343
83, 9, 0.8330963850021362, 0.4174979031085968
83, 10, 0.8863449692726135, 0.3069247305393219
83, 18, 0.9278131723403931, 0.20968206226825714
84, 4, 0.867355227470398, 0.36005231738090515
84, 1, 0.8728519678115845, 0.3536143898963928
84, 22, 0.8438960909843445, 0.40601208806037903
84, 8, 0.8146276473999023, 0.4642535448074341
84, 15, 0.8515468239784241, 0.414016455411911
84, 9, 0.8320093750953674, 0.41894176602363586
84, 2, 0.9115542769432068, 0.2546742856502533
84, 10, 0.8850799798965454, 0.30583518743515015
84, 17, 0.8491421937942505, 0.39335235953330994
84, 20, 0.8809865117073059, 0.3350459933280945
84, 18, 0.9285255074501038, 0.20811834931373596
85, 3, 0.8136091828346252, 0.49286550283432007
85, 0, 0.8422034382820129, 0.4204668700695038
85, 10, 0.8879894018173218, 0.3040536642074585
85, 16, 0.8430600166320801, 0.40188276767730713
85, 6, 0.8643003106117249, 0.3534759283065796
85, 7, 0.8620654344558716, 0.3708411455154419
85, 13, 0.8733541369438171, 0.37315696477890015
85, 5, 0.870481014251709, 0.35815373063087463
85, 9, 0.8315912485122681, 0.4178507924079895
85, 17, 0.8535605072975159, 0.38339561223983765
85, 18, 0.9287165999412537, 0.20755770802497864
86, 23, 0.8714832067489624, 0.35838621854782104
86, 4, 0.8691483736038208, 0.35415327548980713
86, 2, 0.9128931760787964, 0.2505410611629486
86, 22, 0.8468747138977051, 0.4031887352466583
86, 17, 0.8508936166763306, 0.387515664100647
86, 9, 0.8328664898872375, 0.41586875915527344
86, 1, 0.8763810396194458, 0.34972333908081055
86, 18, 0.927483081817627, 0.21127872169017792
86, 10, 0.8875676989555359, 0.3032290041446686
86, 20, 0.8833439350128174, 0.3297986686229706
86, 21, 0.8552942872047424, 0.3890521228313446
87, 3, 0.8150807023048401, 0.4920816421508789
87, 13, 0.8724247217178345, 0.3704838156700134
87, 10, 0.8865768313407898, 0.3091701865196228
87, 19, 0.8348669409751892, 0.434413880109787
87, 9, 0.8340162038803101, 0.4143901467323303
87, 18, 0.9294984340667725, 0.20607024431228638
87, 14, 0.8418429493904114, 0.43231961131095886
87, 16, 0.8456482887268066, 0.3992181718349457
87, 7, 0.8615096211433411, 0.3718668520450592
87, 17, 0.8523464798927307, 0.38020098209381104
87, 15, 0.8476296067237854, 0.42381176352500916
88, 9, 0.8313822150230408, 0.4173716902732849
88, 23, 0.8723409175872803, 0.35282909870147705
88, 1, 0.8776042461395264, 0.34426045417785645
88, 10, 0.8885164260864258, 0.3021340072154999
88, 4, 0.8691005706787109, 0.3577091097831726
88, 18, 0.9290814399719238, 0.2067064493894577
88, 22, 0.8436440229415894, 0.4068002700805664
88, 2, 0.9155109524726868, 0.24570932984352112
88, 21, 0.8561197519302368, 0.38607650995254517
88, 20, 0.8829087018966675, 0.33033525943756104
88, 17, 0.8528439998626709, 0.38075608015060425
89, 13, 0.8736196756362915, 0.36690518260002136
89, 11, 0.847586452960968, 0.4222888946533203
89, 5, 0.8707208633422852, 0.357438862323761
89, 3, 0.8159279227256775, 0.49086323380470276
89, 6, 0.8639330863952637, 0.3546594977378845
89, 9, 0.8329082727432251, 0.4172058403491974
89, 10, 0.8871671557426453, 0.30491378903388977
89, 7, 0.8633416295051575, 0.3689345121383667
89, 17, 0.853600263595581, 0.3811127245426178
89, 15, 0.8501901030540466, 0.4208587408065796
89, 18, 0.9283865094184875, 0.20716217160224915
90, 4, 0.87063068151474, 0.35981449484825134
90, 3, 0.8182020783424377, 0.4788780212402344
90, 23, 0.8741300106048584, 0.3502034842967987
90, 2, 0.9149114489555359, 0.24931268393993378
90, 22, 0.8513655662536621, 0.39342379570007324
90, 17, 0.8553118705749512, 0.3797447681427002
90, 10, 0.8872936367988586, 0.3016577661037445
90, 9, 0.8347896933555603, 0.41314736008644104
90, 18, 0.9301586151123047, 0.20464928448200226
90, 20, 0.8849034309387207, 0.3268436789512634
90, 1, 0.8768021464347839, 0.3440902829170227
91, 22, 0.8493950963020325, 0.39390718936920166
91, 10, 0.8887061476707458, 0.3018244206905365
91, 16, 0.8428574800491333, 0.40425872802734375
91, 15, 0.8522156476974487, 0.41500455141067505
91, 6, 0.8693798184394836, 0.3425889313220978
91, 17, 0.854535698890686, 0.37833714485168457
91, 9, 0.8359394669532776, 0.41339394450187683
91, 3, 0.8189824223518372, 0.47993338108062744
91, 13, 0.8729336857795715, 0.3644658029079437
91, 18, 0.929185688495636, 0.2040625512599945
91, 7, 0.8640620708465576, 0.3641878366470337
92, 21, 0.8568559885025024, 0.38743045926094055
92, 22, 0.8550087213516235, 0.38641586899757385
92, 20, 0.8848671913146973, 0.32823851704597473
92, 2, 0.9162303805351257, 0.24497473239898682
92, 18, 0.9290119409561157, 0.2055061310529709
92, 1, 0.8781456351280212, 0.34286123514175415
92, 17, 0.854077935218811, 0.3780519664287567
92, 4, 0.8713240623474121, 0.3542514145374298
92, 10, 0.8885586261749268, 0.30077317357063293
92, 13, 0.8772709965705872, 0.35733741521835327
92, 9, 0.833639919757843, 0.4141472578048706
93, 16, 0.8412820100784302, 0.40622299909591675
93, 4, 0.8729498386383057, 0.338252991437912
93, 3, 0.8175778388977051, 0.4845065176486969
93, 11, 0.8495332598686218, 0.422602117061615
93, 9, 0.8329500555992126, 0.41644608974456787
93, 10, 0.8892753720283508, 0.3012298345565796
93, 17, 0.853401243686676, 0.37952637672424316
93, 15, 0.8533238768577576, 0.41383397579193115
93, 6, 0.8727254271507263, 0.33334270119667053
93, 18, 0.9294636845588684, 0.2046087384223938
93, 7, 0.8643914461135864, 0.3697638511657715
94, 21, 0.8558297157287598, 0.3864477872848511
94, 22, 0.8532215356826782, 0.38994884490966797
94, 9, 0.8353123068809509, 0.41141873598098755
94, 13, 0.8756334781646729, 0.36513543128967285
94, 4, 0.876105785369873, 0.3374062180519104
94, 2, 0.9156708121299744, 0.2456897348165512
94, 1, 0.8780052661895752, 0.34452441334724426
94, 17, 0.8553715944290161, 0.3771858215332031
94, 10, 0.8889802694320679, 0.3010896146297455
94, 20, 0.8887115716934204, 0.3201664090156555
94, 18, 0.9300717711448669, 0.20370322465896606
95, 23, 0.871654748916626, 0.3548319339752197
95, 14, 0.8394457101821899, 0.43707239627838135
95, 9, 0.8351032733917236, 0.41324928402900696
95, 3, 0.8166859745979309, 0.4864965081214905
95, 10, 0.8893808126449585, 0.2989998161792755
95, 6, 0.8766217827796936, 0.32609525322914124
95, 17, 0.8574612736701965, 0.3753838837146759
95, 7, 0.8641032576560974, 0.3660886883735657
95, 15, 0.8554449677467346, 0.4100821316242218
95, 18, 0.9295157790184021, 0.20389589667320251
95, 5, 0.8688892722129822, 0.35627448558807373
96, 13, 0.8751023411750793, 0.357734352350235
96, 1, 0.8775641322135925, 0.34084978699684143
96, 4, 0.8748864531517029, 0.34479862451553345
96, 9, 0.8351241946220398, 0.4145437479019165
96, 21, 0.8564990162849426, 0.3842785358428955
96, 22, 0.8531069755554199, 0.39055636525154114
96, 10, 0.8895283937454224, 0.2957127094268799
96, 17, 0.8586952090263367, 0.37015628814697266
96, 20, 0.8877867460250854, 0.3196682333946228
96, 2, 0.9175692200660706, 0.24238687753677368
96, 18, 0.9307492971420288, 0.20407941937446594
97, 19, 0.8306060433387756, 0.4443771541118622
97, 4, 0.8777076601982117, 0.3328762352466583
97, 10, 0.8912782073020935, 0.29636454582214355
97, 16, 0.8415970802307129, 0.4111543595790863
97, 3, 0.816418468952179, 0.4865186810493469
97, 17, 0.8555307984352112, 0.37535661458969116
97, 18, 0.9308187961578369, 0.20150703191757202
97, 14, 0.8430205583572388, 0.42816320061683655
97, 9, 0.8353750109672546, 0.41166332364082336
97, 7, 0.8672320246696472, 0.3622734546661377
97, 15, 0.8552538752555847, 0.4095255136489868
98, 22, 0.8500824570655823, 0.39175623655319214
98, 21, 0.858774721622467, 0.3812485337257385
98, 1, 0.8787471652030945, 0.3392455577850342
98, 10, 0.8909409046173096, 0.2947472929954529
98, 9, 0.8345388174057007, 0.4124113917350769
98, 15, 0.8590373396873474, 0.39677000045776367
98, 20, 0.8851572871208191, 0.32566317915916443
98, 13, 0.8762309551239014, 0.3623092770576477
98, 18, 0.9305408596992493, 0.20046529173851013
98, 17, 0.8598495125770569, 0.37081053853034973
98, 2, 0.918648362159729, 0.2412194311618805
99, 11, 0.8528404831886292, 0.4141380786895752
99, 19, 0.8400117754936218, 0.4210697114467621
99, 23, 0.8716792464256287, 0.3574965000152588
99, 16, 0.8454907536506653, 0.4039226174354553
99, 4, 0.8741930723190308, 0.3500248193740845
99, 3, 0.816440761089325, 0.4846535325050354
99, 10, 0.8908144235610962, 0.2950693666934967
99, 17, 0.8590534329414368, 0.3710932433605194
99, 9, 0.8374655246734619, 0.40790146589279175
99, 7, 0.8659352660179138, 0.36424577236175537
99, 18, 0.930853545665741, 0.20045895874500275
100, 9, 0.8351659774780273, 0.40939387679100037
100, 22, 0.8512968420982361, 0.39131009578704834
100, 13, 0.8751908540725708, 0.3583097755908966
100, 17, 0.8604863882064819, 0.3667669892311096
100, 2, 0.9177690744400024, 0.23999635875225067
100, 1, 0.8799703121185303, 0.337719589471817
100, 10, 0.8914468884468079, 0.29449620842933655
100, 5, 0.8706336617469788, 0.3553215563297272
100, 15, 0.8568398356437683, 0.401425838470459
100, 18, 0.9307667016983032, 0.20130614936351776
100, 20, 0.8877142071723938, 0.31776365637779236
