1, 1, 0.8459529876708984, 0.5485332012176514
1, 32, 0.9337719082832336, 0.2380276322364807
1, 33, 0.9198156595230103, 0.31412336230278015
1, 34, 0.8072916865348816, 0.7873908877372742
1, 29, 0.9210706949234009, 0.46330592036247253
1, 25, 0.9267861247062683, 0.21563220024108887
1, 35, 0.8391922116279602, 0.7030835747718811
1, 0, 0.9172989130020142, 0.33318889141082764
1, 30, 0.8717774748802185, 0.5337405204772949
1, 10, 0.8856382966041565, 0.38419848680496216
1, 36, 0.8485736846923828, 0.4685068428516388
1, 38, 0.7642201781272888, 0.7414049506187439
1, 37, 0.9621903300285339, 0.29111868143081665
1, 39, 0.8127490282058716, 0.7111721634864807
1, 27, 0.8092105388641357, 0.5738688707351685
1, 40, 0.9329714179039001, 0.23796528577804565
1, 21, 0.9610118865966797, 0.264948308467865
1, 18, 0.8686342835426331, 0.45776593685150146
1, 41, 0.8035894632339478, 0.5540772080421448
1, 42, 0.9260884523391724, 0.27417582273483276
1, 43, 0.9429041147232056, 0.25016865134239197
1, 44, 0.8682329058647156, 0.42115554213523865
1, 45, 0.9274013638496399, 0.25686153769493103
1, 12, 0.9590231776237488, 0.20270298421382904
1, 15, 0.8597701191902161, 0.5985139608383179
1, 46, 0.8360975384712219, 0.5447874665260315
1, 20, 0.9279805421829224, 0.23382063210010529
1, 48, 0.8473551869392395, 0.5153971314430237
1, 47, 0.8995198607444763, 0.4085807204246521
1, 49, 0.8488262891769409, 0.4665946960449219
1, 28, 0.9223803281784058, 0.3997604548931122
1, 5, 0.9570930600166321, 0.1671704202890396
1, 19, 0.8962015509605408, 0.4348844587802887
1, 6, 0.9281401038169861, 0.41622424125671387
1, 11, 0.8756770491600037, 0.4059002697467804
1, 22, 0.9474489688873291, 0.34786203503608704
1, 7, 0.932721734046936, 0.6377652287483215
1, 8, 0.7986111044883728, 0.606770932674408
1, 3, 0.920285701751709, 0.33397385478019714
1, 4, 0.8976824283599854, 0.35287681221961975
1, 13, 0.9585399031639099, 0.3001515865325928
1, 9, 0.9135935306549072, 0.30323684215545654
1, 31, 0.9298245906829834, 0.6873891353607178
1, 26, 0.701438844203949, 1.148250937461853
1, 2, 0.9489110112190247, 0.22597864270210266
1, 24, 0.9312922954559326, 0.26127907633781433
1, 16, 0.8839071393013, 0.7522980570793152
1, 14, 0.837520956993103, 0.47967028617858887
1, 17, 0.7937360405921936, 0.6343702673912048
1, 23, 0.9414560794830322, 0.2354675829410553
2, 18, 0.9623842835426331, 0.15178324282169342
2, 8, 0.8996527791023254, 0.3291064202785492
2, 15, 0.882758617401123, 0.39150017499923706
2, 6, 0.9649758338928223, 0.1831677407026291
2, 10, 0.9718084931373596, 0.1140650287270546
2, 29, 0.9862731695175171, 0.10495255142450333
2, 1, 0.8986074924468994, 0.30481091141700745
2, 30, 0.9626865386962891, 0.14474105834960938
2, 2, 0.9757999181747437, 0.09377449750900269
2, 27, 0.8959330320358276, 0.3489125370979309
2, 5, 0.9726468324661255, 0.08887419104576111
2, 26, 0.8741007447242737, 0.4327297806739807
2, 7, 0.9128440618515015, 0.30384090542793274
2, 0, 0.9578907489776611, 0.154881089925766
2, 20, 0.9678832292556763, 0.11470413953065872
2, 16, 0.8983186483383179, 0.48892688751220703
2, 31, 0.9762641787528992, 0.16297778487205505
2, 9, 0.9566621780395508, 0.15525320172309875
2, 13, 0.9837764501571655, 0.10066202282905579
2, 28, 0.9288486242294312, 0.2704137861728668
2, 17, 0.8478747010231018, 0.4968864619731903
2, 19, 0.9443399906158447, 0.21455645561218262
2, 23, 0.9609706997871399, 0.13035723567008972
2, 21, 0.9791666865348816, 0.11251113563776016
2, 14, 0.9061976671218872, 0.2614392042160034
2, 3, 0.954285740852356, 0.18106740713119507
2, 25, 0.9654943346977234, 0.11879982054233551
2, 24, 0.9644001126289368, 0.11621731519699097
2, 4, 0.9506903290748596, 0.19270813465118408
2, 11, 0.927005410194397, 0.2547732889652252
2, 22, 0.9474489688873291, 0.25872886180877686
2, 12, 0.9751655459403992, 0.09236572682857513
2, 38, 0.9394495487213135, 0.2431967407464981
2, 37, 0.991742730140686, 0.07188060879707336
2, 39, 0.9103585481643677, 0.2961067855358124
2, 42, 0.9649004340171814, 0.11726889759302139
2, 44, 0.9576098322868347, 0.17112116515636444
2, 35, 0.8795811533927917, 0.32476887106895447
2, 36, 0.9029592275619507, 0.3082332909107208
2, 46, 0.8921951055526733, 0.3137972056865692
2, 32, 0.9594298005104065, 0.1383274793624878
2, 48, 0.930478572845459, 0.269365519285202
2, 47, 0.9567901492118835, 0.1954406350851059
2, 40, 0.9697899222373962, 0.10785970836877823
2, 45, 0.9791511297225952, 0.08584476262331009
2, 41, 0.889029324054718, 0.3535540997982025
2, 33, 0.9520737528800964, 0.16257959604263306
2, 43, 0.9739165902137756, 0.11017848551273346
2, 49, 0.917996883392334, 0.279293030500412
2, 34, 0.9072916507720947, 0.3220295310020447
3, 7, 0.928134560585022, 0.2238529622554779
3, 1, 0.9286335706710815, 0.21661826968193054
3, 26, 0.9196642637252808, 0.2823164761066437
3, 14, 0.9405360221862793, 0.18242651224136353
3, 15, 0.9088122844696045, 0.27304786443710327
3, 16, 0.9319455623626709, 0.3004031479358673
3, 0, 0.9734446406364441, 0.10458827018737793
3, 30, 0.9782903790473938, 0.08397173881530762
3, 10, 0.9829787015914917, 0.07891853898763657
3, 9, 0.9733512997627258, 0.10751283168792725
3, 24, 0.9804200530052185, 0.06944829225540161
3, 17, 0.883221447467804, 0.3522549867630005
3, 13, 0.9896349906921387, 0.06559957563877106
3, 29, 0.9938229322433472, 0.04520701244473457
3, 21, 0.9857142567634583, 0.06565465778112411
3, 31, 0.9876161217689514, 0.06938118487596512
3, 12, 0.9817880988121033, 0.07133915275335312
3, 19, 0.9601354002952576, 0.13579797744750977
3, 22, 0.9596938490867615, 0.18178872764110565
3, 27, 0.9207535982131958, 0.26825547218322754
3, 25, 0.9738996028900146, 0.0867503210902214
3, 3, 0.9614285826683044, 0.1344263106584549
3, 6, 0.9764492511749268, 0.10556457191705704
3, 18, 0.9774305820465088, 0.09041498601436615
3, 4, 0.966469407081604, 0.13680033385753632
3, 23, 0.9642231464385986, 0.11931483447551727
3, 2, 0.9844043850898743, 0.06296321749687195
3, 20, 0.9746958613395691, 0.08609065413475037
3, 28, 0.9411384463310242, 0.18482375144958496
3, 5, 0.982300877571106, 0.05708306282758713
3, 8, 0.9236111044883728, 0.23816686868667603
3, 11, 0.9396440386772156, 0.2049775868654251
3, 34, 0.9458333253860474, 0.19201700389385223
3, 32, 0.9745613932609558, 0.0918426513671875
3, 33, 0.9605990648269653, 0.12770941853523254
3, 39, 0.9269588589668274, 0.23373734951019287
3, 38, 0.984403669834137, 0.09045074135065079
3, 37, 0.994350254535675, 0.03056064248085022
3, 47, 0.9622771143913269, 0.14692595601081848
3, 45, 0.9873417615890503, 0.05141453072428703
3, 35, 0.9259536266326904, 0.20348060131072998
3, 49, 0.932081401348114, 0.2185785323381424
3, 40, 0.9837148785591125, 0.059560541063547134
3, 44, 0.9637385010719299, 0.14070270955562592
3, 42, 0.9787377715110779, 0.07820088416337967
3, 36, 0.9125566482543945, 0.2677915394306183
3, 48, 0.9415616989135742, 0.24036741256713867
3, 46, 0.9180487990379333, 0.24122069776058197
3, 41, 0.9115267992019653, 0.2833966910839081
3, 43, 0.975970447063446, 0.09096728265285492
4, 16, 0.932746171951294, 0.29725709557533264
4, 17, 0.9024608731269836, 0.3081865906715393
4, 1, 0.9434290528297424, 0.18299493193626404
4, 13, 0.9909869432449341, 0.0400334969162941
4, 2, 0.9873622059822083, 0.05422491580247879
4, 26, 0.9292566180229187, 0.22452127933502197
4, 18, 0.9849537014961243, 0.05943123996257782
4, 10, 0.98617023229599, 0.060226667672395706
4, 3, 0.9739999771118164, 0.09747330099344254
4, 29, 0.9945092797279358, 0.02834872156381607
4, 22, 0.9653061032295227, 0.15633663535118103
4, 15, 0.9325670599937439, 0.21102392673492432
4, 9, 0.9728128910064697, 0.09514991194009781
4, 20, 0.9827250838279724, 0.06842955201864243
4, 14, 0.9380234479904175, 0.17192666232585907
4, 11, 0.9494454264640808, 0.1776943951845169
4, 4, 0.9704142212867737, 0.1190846636891365
4, 0, 0.9791350364685059, 0.07555356621742249
4, 6, 0.9836956262588501, 0.06740874797105789
4, 31, 0.9927760362625122, 0.04939420893788338
4, 21, 0.9827380776405334, 0.06264092773199081
4, 25, 0.9774386286735535, 0.0722455307841301
4, 30, 0.9748982191085815, 0.06728177517652512
4, 28, 0.9521345496177673, 0.15236058831214905
4, 7, 0.9434250593185425, 0.18950523436069489
4, 12, 0.9838576316833496, 0.05833318084478378
4, 8, 0.9447916746139526, 0.19149839878082275
4, 19, 0.9699134826660156, 0.11192955821752548
4, 27, 0.9210526347160339, 0.24844646453857422
4, 23, 0.9744808673858643, 0.09118384122848511
4, 5, 0.9868597388267517, 0.046841979026794434
4, 24, 0.9886080622673035, 0.039898648858070374
4, 37, 0.9947848916053772, 0.024644210934638977
4, 38, 0.9880734086036682, 0.06345364451408386
4, 32, 0.9778508543968201, 0.07424283027648926
4, 34, 0.96875, 0.12833525240421295
4, 36, 0.9197547435760498, 0.24616128206253052
4, 46, 0.9346341490745544, 0.20474402606487274
4, 35, 0.9461480975151062, 0.14431312680244446
4, 42, 0.9811002612113953, 0.0626867413520813
4, 45, 0.9914370775222778, 0.03675834462046623
4, 39, 0.9409030675888062, 0.17914623022079468
4, 48, 0.9556674957275391, 0.1506851613521576
4, 49, 0.9377151727676392, 0.2027714103460312
4, 43, 0.9778188467025757, 0.07809782028198242
4, 47, 0.9653635025024414, 0.12370918691158295
4, 44, 0.9657813906669617, 0.12376809120178223
4, 41, 0.9259352684020996, 0.2477429062128067
4, 33, 0.9599078297615051, 0.11770087480545044
4, 40, 0.9830068349838257, 0.0556449256837368
5, 7, 0.9495412707328796, 0.17032164335250854
5, 26, 0.9436450600624084, 0.19005826115608215
5, 6, 0.9873188138008118, 0.054731935262680054
5, 1, 0.9464752078056335, 0.17298661172389984
5, 17, 0.9203579425811768, 0.2615507245063782
5, 10, 0.9856383204460144, 0.049028266221284866
5, 13, 0.9891843199729919, 0.03758738189935684
5, 12, 0.9863410592079163, 0.05327458307147026
5, 15, 0.9318007826805115, 0.18393635749816895
5, 29, 0.9972546100616455, 0.01916077546775341
5, 20, 0.9827250838279724, 0.06326307356357574
5, 2, 0.9878999590873718, 0.04707798734307289
5, 18, 0.9878472089767456, 0.0468900203704834
5, 14, 0.9489112496376038, 0.14753252267837524
5, 23, 0.972979724407196, 0.08721354603767395
5, 24, 0.990388035774231, 0.03390101343393326
5, 0, 0.9810318946838379, 0.06405728310346603
5, 8, 0.9447916746139526, 0.17856141924858093
5, 3, 0.9725714325904846, 0.09563399106264114
5, 28, 0.9579560160636902, 0.130466490983963
5, 31, 0.9948400259017944, 0.034447383135557175
5, 5, 0.9895414113998413, 0.04019070416688919
5, 16, 0.9383506774902344, 0.2603890001773834
5, 25, 0.9789869785308838, 0.06934741139411926
5, 11, 0.9463502764701843, 0.17040228843688965
5, 9, 0.9709286689758301, 0.09754601120948792
5, 30, 0.9816824793815613, 0.0526314340531826
5, 4, 0.9723865985870361, 0.10060260444879532
5, 19, 0.9721699953079224, 0.1018475815653801
5, 27, 0.9413875341415405, 0.19157792627811432
5, 22, 0.972449004650116, 0.11465954035520554
5, 21, 0.9866071343421936, 0.05517549067735672
5, 34, 0.9729166626930237, 0.09564198553562164
5, 35, 0.9573672413825989, 0.12868905067443848
5, 32, 0.9785087704658508, 0.06861289590597153
5, 46, 0.9439024329185486, 0.17872503399848938
5, 44, 0.9668028354644775, 0.10317914187908173
5, 42, 0.9834626913070679, 0.0520833395421505
5, 36, 0.9298853874206543, 0.21309760212898254
5, 33, 0.9652073979377747, 0.10498302429914474
5, 47, 0.9687928557395935, 0.10316631942987442
5, 41, 0.9304853677749634, 0.22095537185668945
5, 40, 0.9858390092849731, 0.049309585243463516
5, 48, 0.9607052803039551, 0.11890740692615509
5, 39, 0.9495351910591125, 0.15903599560260773
5, 38, 0.9899082779884338, 0.047384705394506454
5, 37, 0.9947848916053772, 0.022883404046297073
5, 49, 0.9533646106719971, 0.1549719274044037
5, 43, 0.9786403775215149, 0.06944284588098526
5, 45, 0.9918093681335449, 0.036315470933914185
6, 31, 0.9958720207214355, 0.02265879139304161
6, 35, 0.9468960165977478, 0.14830999076366425
6, 17, 0.8997762799263, 0.3148202896118164
6, 38, 0.9688073396682739, 0.1057826429605484
6, 46, 0.9658536314964294, 0.11672854423522949
6, 20, 0.969099760055542, 0.10524624586105347
6, 23, 0.9734801054000854, 0.08829719573259354
6, 19, 0.8792779445648193, 0.6017477512359619
6, 13, 0.9923388957977295, 0.031595565378665924
6, 41, 0.9223963618278503, 0.2589269280433655
7, 34, 0.6812499761581421, 1.5360110998153687
7, 46, 0.9809756278991699, 0.07297410815954208
7, 44, 0.8779366612434387, 0.8253001570701599
7, 6, 0.9607487916946411, 0.13492394983768463
7, 21, 0.9354166388511658, 0.3295917809009552
7, 13, 0.9950428009033203, 0.019992176443338394
7, 37, 0.9965232610702515, 0.007976843044161797
7, 23, 0.9932449460029602, 0.022337865084409714
7, 47, 0.9543895721435547, 0.1973741054534912
7, 4, 0.9368836283683777, 0.28886348009109497
8, 39, 0.8871182203292847, 0.37185418605804443
8, 46, 0.9834146499633789, 0.04640371724963188
8, 22, 0.9275510311126709, 0.40488356351852417
8, 27, 0.853169858455658, 0.6421680450439453
8, 13, 0.9977467060089111, 0.01350483950227499
8, 8, 0.8097222447395325, 0.8270269632339478
8, 33, 0.9460829496383667, 0.23777303099632263
8, 9, 0.8982503414154053, 0.5766297578811646
8, 23, 0.9957467913627625, 0.010405938141047955
8, 2, 0.9373487234115601, 0.38845527172088623
9, 46, 0.9917073249816895, 0.030052900314331055
9, 47, 0.9595336318016052, 0.14628832042217255
9, 14, 0.8195142149925232, 1.0194224119186401
9, 36, 0.8712343573570251, 0.5686113834381104
9, 40, 0.9662497043609619, 0.15042643249034882
9, 45, 0.9914370775222778, 0.02982342056930065
9, 23, 0.9967475533485413, 0.00868219044059515
9, 16, 0.8046436905860901, 0.7834159731864929
9, 24, 0.9394802451133728, 0.3545755445957184
9, 13, 0.9981973767280579, 0.005989979021251202
10, 39, 0.8685259222984314, 0.35771724581718445
10, 13, 0.9972960948944092, 0.011706170625984669
10, 42, 0.9274383783340454, 0.3903049826622009
10, 17, 0.8035793900489807, 0.783328115940094
10, 23, 0.9982486963272095, 0.005533510819077492
10, 25, 0.9511170387268066, 0.17159435153007507
10, 46, 0.9917073249816895, 0.022013118490576744
10, 22, 0.9056122303009033, 0.4404554069042206
10, 12, 0.9722682237625122, 0.09244555979967117
10, 49, 0.8669796586036682, 0.6504693031311035
11, 14, 0.8860971331596375, 0.4124787449836731
11, 46, 0.9912195205688477, 0.02110256254673004
11, 10, 0.9404255151748657, 0.30043700337409973
11, 49, 0.9774647951126099, 0.07086692750453949
11, 13, 0.9990987181663513, 0.0058213332667946815
11, 23, 0.9984988570213318, 0.005019831471145153
11, 43, 0.9094269871711731, 0.45339706540107727
11, 19, 0.9454682469367981, 0.19527126848697662
11, 41, 0.8988877534866333, 0.41589295864105225
11, 40, 0.9745102524757385, 0.08170748502016068
12, 16, 0.9647718071937561, 0.1362503618001938
12, 46, 0.9956097602844238, 0.010869287885725498
12, 6, 0.8713768124580383, 0.5494986176490784
12, 47, 0.9619341492652893, 0.14200392365455627
12, 38, 0.8981651663780212, 0.35687029361724854
12, 23, 0.9992494583129883, 0.001873409259133041
12, 4, 0.9272682666778564, 0.3886187672615051
12, 36, 0.8728339076042175, 0.6110802888870239
12, 13, 1.0, 0.0007410648395307362
12, 32, 0.8800438642501831, 0.4941723644733429
13, 34, 0.7041666507720947, 1.2029768228530884
13, 10, 0.8978723287582397, 0.4151330590248108
13, 22, 0.9596938490867615, 0.147004634141922
13, 46, 0.9956097602844238, 0.01630929857492447
13, 23, 0.9989992380142212, 0.004048380069434643
13, 5, 0.9785465002059937, 0.08671867847442627
13, 27, 0.9037081599235535, 0.4021299481391907
13, 13, 1.0, 9.107188816415146e-05
13, 9, 0.9437415599822998, 0.23050129413604736
13, 33, 0.9334101676940918, 0.25239890813827515
14, 26, 0.6474820375442505, 1.3255820274353027
14, 46, 0.997560977935791, 0.0038597092498093843
14, 19, 0.9616397023200989, 0.11470881849527359
14, 24, 0.9191883206367493, 0.25908327102661133
14, 13, 0.9990987181663513, 0.003625529818236828
14, 23, 0.9994996190071106, 0.0005672244005836546
14, 40, 0.9858390092849731, 0.06379487365484238
14, 35, 0.9356768727302551, 0.3183618485927582
14, 41, 0.9375631809234619, 0.2180349975824356
14, 21, 0.8348214030265808, 0.7446919679641724
15, 44, 0.8273748755455017, 1.0640106201171875
15, 39, 0.8970783352851868, 0.38415390253067017
15, 46, 0.9985365867614746, 0.004222632385790348
15, 13, 1.0, 7.84280837251572e-06
15, 23, 0.9997498393058777, 0.0012903215829283
15, 42, 0.9341883063316345, 0.23508596420288086
15, 9, 0.9676985144615173, 0.12606197595596313
15, 20, 0.903649628162384, 0.5461513996124268
15, 41, 0.9777553081512451, 0.07256647944450378
15, 48, 0.9571788311004639, 0.16452762484550476
16, 34, 0.890625, 0.4384029805660248
16, 46, 0.9980487823486328, 0.007801929023116827
16, 8, 0.9104166626930237, 0.36245018243789673
16, 47, 0.9585047960281372, 0.17265944182872772
16, 13, 1.0, 4.948815330862999e-05
16, 27, 0.9309210777282715, 0.23467868566513062
16, 6, 0.8695651888847351, 0.5470156669616699
16, 3, 0.9062857031822205, 0.4447052776813507
16, 23, 1.0, 0.00017586559988558292
16, 35, 0.8354524970054626, 0.7939513325691223
17, 16, 0.9375500679016113, 0.23558637499809265
17, 17, 0.8581655621528625, 0.5750190019607544
17, 18, 0.9108796119689941, 0.37413251399993896
17, 22, 0.968367338180542, 0.10461979359388351
17, 46, 0.9990243911743164, 0.0022168955765664577
17, 14, 0.9639865756034851, 0.1286175698041916
17, 13, 1.0, 4.834927835872804e-08
17, 49, 0.9846635460853577, 0.0456080287694931
17, 25, 0.9792081117630005, 0.08251520991325378
17, 23, 0.9992494583129883, 0.00550287077203393
18, 29, 0.9643102288246155, 0.10662403702735901
18, 6, 0.9667874574661255, 0.10880444198846817
18, 13, 1.0, 1.1496506857611166e-08
18, 19, 0.963144063949585, 0.12517258524894714
18, 33, 0.942396342754364, 0.25088024139404297
18, 44, 0.8998978734016418, 0.431769460439682
18, 20, 0.9924574494361877, 0.029040390625596046
18, 41, 0.9567745327949524, 0.1605430245399475
18, 23, 0.9997498393058777, 0.00036988724605180323
18, 46, 0.9960975646972656, 0.013477738946676254
19, 24, 0.9241722822189331, 0.2629997432231903
19, 46, 0.9990243911743164, 0.0036189639940857887
19, 42, 0.9645629525184631, 0.1444818377494812
19, 8, 0.9447916746139526, 0.20810995995998383
19, 23, 0.9997498393058777, 0.0002467635495122522
19, 16, 0.9719775915145874, 0.08658891171216965
19, 7, 0.0, 5.926888942718506
19, 40, 0.9719141125679016, 0.12103928625583649
19, 13, 1.0, 5.5333715387462235e-09
19, 47, 0.9698216915130615, 0.11836791038513184
20, 38, 0.7036697268486023, 1.0608209371566772
20, 22, 0.9709183573722839, 0.11090893298387527
20, 10, 0.9941489100456238, 0.02074965089559555
20, 39, 0.9003984332084656, 0.3262481391429901
20, 13, 1.0, 3.814266680279843e-09
20, 46, 0.9980487823486328, 0.012486441992223263
20, 9, 0.9733512997627258, 0.0915406197309494
20, 0, 0.5864946842193604, 1.1087149381637573
20, 23, 0.9997498393058777, 0.0007956602494232357
20, 4, 0.9341716170310974, 0.35915136337280273
21, 34, 0.871874988079071, 0.5260328054428101
21, 47, 0.985939621925354, 0.047492336481809616
21, 46, 0.9990243911743164, 0.0013948713894933462
21, 13, 1.0, 2.900991669108066e-09
21, 42, 0.9689503908157349, 0.1043902114033699
21, 44, 0.8963227868080139, 0.36130189895629883
21, 17, 0.9243847727775574, 0.25157564878463745
21, 25, 0.9657155275344849, 0.24897289276123047
21, 23, 1.0, 1.3378881646985974e-07
21, 11, 0.6958988904953003, 1.4219472408294678
22, 6, 0.95652174949646, 0.11758808046579361
22, 1, 0.8903394341468811, 0.39683279395103455
22, 22, 0.9801020622253418, 0.0667710155248642
22, 21, 0.8732143044471741, 0.7532142400741577
22, 38, 0.7871559858322144, 0.745811939239502
22, 19, 0.9582549929618835, 0.15220730006694794
22, 35, 0.8017950654029846, 1.0386580228805542
22, 46, 0.9990243911743164, 0.0026831720024347305
22, 23, 1.0, 1.0915803372313349e-08
22, 13, 1.0, 2.471215232446866e-09
23, 34, 0.8656250238418579, 0.4533907473087311
23, 15, 0.657471239566803, 2.2208616733551025
23, 13, 1.0, 2.2563269030939637e-09
23, 36, 0.8381764888763428, 0.7236939072608948
23, 41, 0.951971709728241, 0.212969109416008
23, 23, 1.0, 1.5210590564862514e-09
23, 14, 0.9585427045822144, 0.14223232865333557
23, 40, 0.9723861217498779, 0.11146748065948486
23, 46, 0.9985365867614746, 0.0027495205868035555
23, 24, 0.9526522159576416, 0.20858529210090637
24, 39, 0.9488711953163147, 0.1924440711736679
24, 28, 0.9197930097579956, 0.4252855181694031
24, 22, 0.9954081773757935, 0.01860271394252777
24, 13, 1.0, 2.14888262739521e-09
24, 23, 1.0, 1.1333380900424572e-09
24, 46, 0.9995121955871582, 0.002739635296165943
24, 4, 0.9667159914970398, 0.13070443272590637
24, 9, 0.9760430455207825, 0.07442574203014374
24, 27, 0.9276315569877625, 0.2759123742580414
24, 8, 0.9309027791023254, 0.3012315034866333
25, 30, 0.7489823698997498, 1.0075504779815674
25, 17, 0.9351230263710022, 0.21559667587280273
25, 16, 0.9319455623626709, 0.23485314846038818
25, 46, 0.9995121955871582, 0.004689022433012724
25, 13, 1.0, 1.7728283285833868e-09
25, 20, 0.9798053503036499, 0.07062330842018127
25, 23, 1.0, 9.842147097316456e-10
25, 49, 0.9899843335151672, 0.03217413276433945
25, 33, 0.9516128897666931, 0.2238573282957077
25, 41, 0.9785136580467224, 0.09468626230955124
26, 34, 0.9416666626930237, 0.15171989798545837
26, 38, 0.8880733847618103, 0.4983694553375244
26, 17, 0.9821029305458069, 0.05812442675232887
26, 46, 0.9990243911743164, 0.0011262469924986362
26, 42, 0.9760378003120422, 0.09850853681564331
26, 23, 1.0, 7.456172346209655e-10
26, 13, 1.0, 1.6653841639069356e-09
26, 25, 0.9927007555961609, 0.024374039843678474
26, 43, 0.9693982601165771, 0.09634435176849365
26, 47, 0.9715363383293152, 0.09412603080272675
27, 16, 0.966373085975647, 0.10837775468826294
27, 46, 0.9990243911743164, 0.002820224966853857
27, 13, 1.0, 1.3430517808998843e-09
27, 36, 0.9349507093429565, 0.3425277769565582
27, 27, 0.9572368264198303, 0.1353263258934021
27, 23, 1.0, 7.157925363543427e-10
27, 41, 0.9678968787193298, 0.11402234435081482
27, 9, 0.984656810760498, 0.04771442711353302
27, 37, 1.0, 0.0005654872511513531
27, 33, 0.977419376373291, 0.09187949448823929
28, 10, 0.9340425729751587, 0.22862271964550018
28, 14, 0.9430485963821411, 0.25399425625801086
28, 19, 0.9616397023200989, 0.1122438907623291
28, 49, 0.9943661689758301, 0.01952328160405159
28, 46, 0.9980487823486328, 0.00583987683057785
28, 23, 1.0, 5.36844402265757e-10
28, 40, 0.9872551560401917, 0.06282668560743332
28, 13, 1.0, 1.2893296430505075e-09
28, 48, 0.9047858715057373, 0.5275331139564514
28, 47, 0.9780521392822266, 0.07702723145484924
29, 39, 0.9256308078765869, 0.23016002774238586
29, 24, 0.9295122623443604, 0.5458875894546509
29, 46, 1.0, 1.407236993600236e-07
29, 26, 0.9016786813735962, 0.2538907825946808
29, 21, 0.9050595164299011, 0.5004975199699402
29, 13, 1.0, 1.2356077272457355e-09
29, 35, 0.89603590965271, 0.4811609387397766
29, 22, 0.981632649898529, 0.06270431727170944
29, 23, 1.0, 4.1754563695484137e-10
29, 6, 0.8635265827178955, 0.6059277057647705
30, 44, 0.8845760822296143, 0.5617480874061584
30, 22, 0.9994897842407227, 0.003515488700941205
30, 4, 0.9432938694953918, 0.23575952649116516
30, 6, 0.9969806671142578, 0.007979021407663822
30, 20, 0.9442822337150574, 0.23702363669872284
30, 23, 1.0, 3.5789626817717135e-10
30, 19, 0.9744264483451843, 0.0742591992020607
30, 46, 1.0, 1.6980044037495645e-08
30, 2, 0.8634041547775269, 0.5958843231201172
30, 13, 1.0, 1.1281635625692843e-09
31, 46, 1.0, 1.0525304183772732e-08
31, 47, 0.9794238805770874, 0.08157691359519958
31, 23, 1.0, 3.2807156991054853e-10
31, 13, 1.0, 1.0744414247199074e-09
31, 36, 0.9520127773284912, 0.18755264580249786
31, 9, 0.9598923325538635, 0.2015541046857834
31, 4, 0.9938362836837769, 0.01883770525455475
31, 24, 0.9341402649879456, 0.23825891315937042
31, 32, 0.9802631735801697, 0.07952720671892166
31, 16, 0.9783827066421509, 0.08089306950569153
32, 35, 0.8556469678878784, 0.7963573336601257
32, 17, 0.9619686603546143, 0.10543949902057648
32, 46, 1.0, 7.50146078587477e-09
32, 34, 0.9302083253860474, 0.2313540279865265
32, 13, 1.0, 1.0744414247199074e-09
32, 21, 0.9312499761581421, 0.29435068368911743
32, 1, 0.8194081783294678, 0.8368396162986755
32, 27, 0.9488636255264282, 0.18913237750530243
32, 23, 1.0, 2.982468716439257e-10
32, 41, 0.9618301391601562, 0.17277325689792633
33, 38, 0.8899082541465759, 0.42972221970558167
33, 13, 1.0, 1.020719397892833e-09
33, 39, 0.9641434550285339, 0.10907219350337982
33, 42, 0.9568005204200745, 0.18741723895072937
33, 23, 1.0, 2.982468716439257e-10
33, 41, 0.9926693439483643, 0.021942051127552986
33, 40, 0.9792305827140808, 0.08929016441106796
33, 31, 0.8658410906791687, 0.5183328986167908
33, 25, 0.9650520086288452, 0.1314105987548828
33, 46, 1.0, 6.280293174398821e-09
34, 10, 0.9744681119918823, 0.10621722042560577
34, 16, 0.9687750339508057, 0.09939692914485931
34, 44, 0.943309485912323, 0.21155127882957458
34, 14, 0.9568676948547363, 0.17820554971694946
34, 22, 0.9948979616165161, 0.015086796134710312
34, 46, 1.0, 5.2335780154066924e-09
34, 5, 0.9774738550186157, 0.0654485672712326
34, 9, 0.9849259853363037, 0.05583925545215607
34, 13, 1.0, 9.132752332163818e-10
34, 23, 1.0, 2.684222011328785e-10
35, 34, 0.984375, 0.06295314431190491
35, 13, 1.0, 8.595532063893074e-10
35, 6, 0.9154589176177979, 0.315847784280777
35, 8, 0.9059028029441833, 0.4346303641796112
35, 49, 0.961815357208252, 0.17007680237293243
35, 46, 1.0, 4.41946568230378e-09
35, 23, 1.0, 2.385975028662557e-10
35, 7, 0.7278287410736084, 1.327102780342102
35, 33, 0.9354838728904724, 0.28133028745651245
35, 47, 0.9866254925727844, 0.06312379240989685
36, 30, 0.9206241369247437, 0.23684453964233398
36, 46, 1.0, 4.012409959841534e-09
36, 22, 0.988265335559845, 0.04260748624801636
36, 13, 1.0, 7.521090417128562e-10
36, 8, 0.9868055582046509, 0.04153803363442421
36, 19, 0.9740504026412964, 0.07543373107910156
36, 24, 0.9654681086540222, 0.19428305327892303
36, 35, 0.9566193222999573, 0.14603698253631592
36, 17, 0.94451904296875, 0.20595130324363708
36, 23, 1.0, 2.385975028662557e-10
37, 39, 0.9541832804679871, 0.1683015525341034
37, 15, 0.8758620619773865, 0.41765061020851135
37, 46, 1.0, 3.4309013408062583e-09
37, 13, 1.0, 6.983869593746306e-10
37, 49, 0.9771518111228943, 0.08849430084228516
37, 42, 0.948025643825531, 0.22510062158107758
37, 40, 0.9837148785591125, 0.07340742647647858
37, 21, 0.9270833134651184, 0.314838707447052
37, 41, 0.9785136580467224, 0.08150456845760345
37, 23, 1.0, 1.7894813408858568e-10
38, 38, 0.9128440618515015, 0.3635498285293579
38, 46, 1.0, 3.2564486662778336e-09
38, 19, 0.9905979633331299, 0.03617160767316818
38, 13, 1.0, 6.983869593746306e-10
38, 23, 1.0, 1.7894813408858568e-10
38, 0, 0.8023520708084106, 0.9461013078689575
38, 14, 0.9568676948547363, 0.1491568237543106
38, 47, 0.9842249751091003, 0.049668069928884506
38, 20, 0.9591240882873535, 0.16096243262290955
38, 40, 0.9988199472427368, 0.0029104494024068117
39, 39, 0.9535192847251892, 0.16234798729419708
39, 17, 0.9319910407066345, 0.35701367259025574
39, 44, 0.9330949783325195, 0.2597971260547638
39, 46, 1.0, 2.7330908647371643e-09
39, 13, 1.0, 6.983869593746306e-10
39, 47, 0.9975994229316711, 0.009784962981939316
39, 3, 0.9088571667671204, 0.41778919100761414
39, 23, 1.0, 1.1929875143312785e-10
39, 33, 0.9631336331367493, 0.14840710163116455
39, 10, 0.98617023229599, 0.050558559596538544
40, 16, 0.97678142786026, 0.07305172830820084
40, 18, 0.9189814925193787, 0.3640441298484802
40, 46, 1.0, 2.4423363331749215e-09
40, 27, 0.9605262875556946, 0.14250566065311432
40, 23, 1.0, 1.1929875143312785e-10
40, 41, 0.9630940556526184, 0.22807855904102325
40, 9, 0.9916554689407349, 0.0244978666305542
40, 13, 1.0, 6.44664877036405e-10
40, 4, 0.9674556255340576, 0.1662740558385849
40, 36, 0.8712343573570251, 0.7071954011917114
41, 34, 0.9447916746139526, 0.1834058314561844
41, 28, 0.753557562828064, 1.2431222200393677
41, 46, 1.0, 2.2678838806911017e-09
41, 13, 1.0, 6.44664877036405e-10
41, 22, 0.9984694123268127, 0.006166363134980202
41, 27, 0.9889354109764099, 0.03506527841091156
41, 4, 0.9950690269470215, 0.016320442780852318
41, 23, 1.0, 1.1929875143312785e-10
41, 25, 0.9893828630447388, 0.03266853466629982
41, 6, 0.8798308968544006, 0.5483672022819519
42, 39, 0.9661354422569275, 0.08689796924591064
42, 44, 0.9576098322868347, 0.17601220309734344
42, 46, 1.0, 2.093431206162677e-09
42, 13, 1.0, 6.44664877036405e-10
42, 47, 0.9897119402885437, 0.05141095817089081
42, 20, 0.9970802664756775, 0.01049532275646925
42, 23, 1.0, 1.1929875143312785e-10
42, 12, 0.9757864475250244, 0.08942501991987228
42, 6, 0.998792290687561, 0.003645236138254404
42, 14, 0.9547738432884216, 0.20505478978157043
43, 46, 1.0, 1.9189785316342522e-09
43, 38, 0.7431192398071289, 0.9409982562065125
43, 45, 0.9966492652893066, 0.016119971871376038
43, 21, 0.9330357313156128, 0.39512336254119873
43, 16, 0.9751801490783691, 0.07968425750732422
43, 13, 1.0, 5.909427946981793e-10
43, 9, 0.967967689037323, 0.18147480487823486
43, 41, 0.9767441749572754, 0.11077874153852463
43, 42, 0.9689503908157349, 0.10006310790777206
43, 23, 1.0, 1.1929875143312785e-10
44, 35, 0.7905759215354919, 1.6626863479614258
44, 17, 0.94675612449646, 0.21218536794185638
44, 46, 1.0, 1.74452596812813e-09
44, 13, 1.0, 5.372207123599537e-10
44, 49, 0.9824725985527039, 0.054082393646240234
44, 25, 0.971245288848877, 0.10143578052520752
44, 11, 0.9107557535171509, 0.5064066052436829
44, 23, 1.0, 8.947406704429284e-11
44, 19, 0.9699134826660156, 0.0822758674621582
44, 22, 0.9974489808082581, 0.005611133761703968
45, 34, 0.9145833253860474, 0.35905390977859497
45, 29, 0.9752916693687439, 0.1280316561460495
45, 13, 1.0, 5.372207123599537e-10
45, 8, 0.9607638716697693, 0.17355288565158844
45, 46, 1.0, 1.5119225871274011e-09
45, 22, 1.0, 1.1608219210756943e-05
45, 24, 0.9334282875061035, 0.4663793742656708
45, 40, 0.9853670001029968, 0.06867767125368118
45, 23, 1.0, 8.947406704429284e-11
45, 33, 0.9684332013130188, 0.12261757254600525
46, 34, 0.9979166388511658, 0.007740263361483812
46, 36, 0.9381498098373413, 0.28839582204818726
46, 44, 0.9239019155502319, 0.39704474806785583
46, 45, 0.9758004546165466, 0.07205504924058914
46, 42, 0.9881876707077026, 0.05432641878724098
46, 23, 1.0, 8.947406704429284e-11
46, 13, 1.0, 4.834986300217281e-10
46, 40, 0.9985839128494263, 0.0027161422185599804
46, 46, 1.0, 1.5119225871274011e-09
46, 41, 0.9815469980239868, 0.11151367425918579
47, 10, 0.9468085169792175, 0.1867820918560028
47, 13, 1.0, 3.760545208564281e-10
47, 47, 0.9914265871047974, 0.04037552326917648
47, 14, 0.9505862593650818, 0.22218187153339386
47, 46, 1.0, 1.3956208411158855e-09
47, 23, 1.0, 8.947406704429284e-11
47, 19, 0.9770590662956238, 0.09014664590358734
47, 18, 0.9733796119689941, 0.1366901993751526
47, 27, 0.9686004519462585, 0.10660266131162643
47, 6, 0.8840579986572266, 0.7459222674369812
48, 35, 0.89603590965271, 0.5983915328979492
48, 16, 0.9807846546173096, 0.0846051573753357
48, 13, 1.0, 3.760545208564281e-10
48, 17, 0.9485458731651306, 0.2104516178369522
48, 23, 1.0, 8.947406704429284e-11
48, 49, 0.9974960684776306, 0.009469591081142426
48, 8, 0.9479166865348816, 0.22642822563648224
48, 41, 0.9830636978149414, 0.07410100847482681
48, 32, 0.976754367351532, 0.08778947591781616
48, 46, 1.0, 1.3374699125989764e-09
49, 10, 0.9984042644500732, 0.0034993968438357115
49, 29, 0.9622511863708496, 0.14704568684101105
49, 38, 0.8862385153770447, 0.5320029258728027
49, 39, 0.9833997488021851, 0.054242443293333054
49, 22, 0.9979591965675354, 0.005211020354181528
49, 46, 1.0, 1.3374699125989764e-09
49, 13, 1.0, 3.223324385182025e-10
49, 33, 0.9824884533882141, 0.05090848729014397
49, 23, 1.0, 8.947406704429284e-11
49, 9, 0.9911171197891235, 0.030208034440875053
50, 34, 0.9416666626930237, 0.21552619338035583
50, 7, 0.8409786224365234, 0.6789296269416809
50, 17, 0.9780760407447815, 0.06042368337512016
50, 13, 1.0, 3.223324385182025e-10
50, 46, 1.0, 1.3374699125989764e-09
50, 47, 0.9900548458099365, 0.05034499242901802
50, 24, 0.969740092754364, 0.11209360510110855
50, 4, 0.9709072709083557, 0.12721285223960876
50, 23, 1.0, 8.947406704429284e-11
50, 20, 0.9664233326911926, 0.3653993606567383
