1, 12, 0.5982109904289246, 1.1290359497070312
1, 3, 0.47048068046569824, 1.3901008367538452
1, 4, 0.4675799608230591, 1.398084282875061
1, 2, 0.47785860300064087, 1.3622868061065674
1, 17, 0.3830951750278473, 1.5299241542816162
1, 9, 0.5179780721664429, 1.281679630279541
1, 23, 0.6661356687545776, 0.9651679992675781
1, 22, 0.42979562282562256, 1.4348071813583374
1, 8, 0.5272162556648254, 1.2243543863296509
1, 1, 0.51705402135849, 1.2883176803588867
1, 10, 0.556722104549408, 1.2106726169586182
1, 11, 0.5194211006164551, 1.2974250316619873
1, 21, 0.4767078757286072, 1.366646409034729
1, 18, 0.5348946452140808, 1.2418606281280518
1, 13, 0.5809156894683838, 1.1660884618759155
1, 6, 0.4715830385684967, 1.380441665649414
1, 0, 0.5765612125396729, 1.1526105403900146
1, 20, 0.5528878569602966, 1.157715082168579
1, 5, 0.5404038429260254, 1.240152359008789
1, 15, 0.4569392204284668, 1.4000617265701294
1, 7, 0.4567217528820038, 1.4187099933624268
1, 16, 0.5431342720985413, 1.1932287216186523
1, 19, 0.45589500665664673, 1.406922459602356
1, 14, 0.5857551693916321, 1.1344207525253296
2, 2, 0.6884217262268066, 0.8518173694610596
2, 6, 0.6543655395507812, 0.8920254707336426
2, 4, 0.6393391489982605, 1.0225163698196411
2, 11, 0.6817798018455505, 0.8430097103118896
2, 21, 0.6978939175605774, 0.8183189630508423
2, 3, 0.6858556866645813, 0.8802213668823242
2, 12, 0.7433584928512573, 0.7560596466064453
2, 7, 0.6747905611991882, 0.887255072593689
2, 23, 0.760170578956604, 0.7124282121658325
2, 5, 0.7091273665428162, 0.8161621689796448
2, 13, 0.7292261123657227, 0.8211860060691833
2, 8, 0.7028966546058655, 0.7918921113014221
2, 19, 0.6699605584144592, 0.8730440139770508
2, 22, 0.6450600028038025, 0.9415743350982666
2, 1, 0.6855687499046326, 0.852363109588623
2, 0, 0.720154881477356, 0.7520386576652527
2, 9, 0.6762689352035522, 0.8359619975090027
2, 10, 0.6987751126289368, 0.8110150098800659
2, 16, 0.6842294931411743, 0.8154858350753784
2, 18, 0.7017147541046143, 0.8467242121696472
2, 17, 0.6337618827819824, 1.004597544670105
2, 15, 0.6549786925315857, 0.9739353060722351
2, 14, 0.7441855669021606, 0.7316530346870422
2, 20, 0.6763623356819153, 0.8524485230445862
3, 9, 0.7135838866233826, 0.6919989585876465
3, 7, 0.7213519811630249, 0.7028250694274902
3, 11, 0.7218886613845825, 0.6937581300735474
3, 1, 0.7195163369178772, 0.7068233489990234
3, 16, 0.717629611492157, 0.665397584438324
3, 23, 0.7986226677894592, 0.5561867356300354
3, 5, 0.747241735458374, 0.66291344165802
3, 19, 0.7129096388816833, 0.6952414512634277
3, 4, 0.6636542081832886, 0.9446961283683777
3, 21, 0.7341930270195007, 0.6694457530975342
3, 22, 0.695101261138916, 0.7535324692726135
3, 6, 0.6965524554252625, 0.7243577241897583
3, 12, 0.7819488048553467, 0.5973299741744995
3, 15, 0.7103739380836487, 0.7865197658538818
3, 8, 0.7401330471038818, 0.6360197067260742
3, 17, 0.6912391185760498, 0.7865943312644958
3, 3, 0.7258093357086182, 0.7206427454948425
3, 18, 0.7436022162437439, 0.6960050463676453
3, 2, 0.7292873859405518, 0.6838849186897278
3, 13, 0.7635486721992493, 0.6760504841804504
3, 0, 0.7616201043128967, 0.618909478187561
3, 14, 0.7723430395126343, 0.6060040593147278
3, 10, 0.7364493012428284, 0.6419693827629089
3, 20, 0.7116329669952393, 0.725106418132782
4, 4, 0.6945201754570007, 0.855212390422821
4, 16, 0.7264747619628906, 0.636809766292572
4, 3, 0.7345045804977417, 0.693442702293396
4, 12, 0.7897939682006836, 0.5575984716415405
4, 23, 0.8074698448181152, 0.5172156095504761
4, 5, 0.7549387216567993, 0.6312749981880188
4, 21, 0.7406854033470154, 0.6422285437583923
4, 0, 0.7759433388710022, 0.5827467441558838
4, 6, 0.7145654559135437, 0.6729681491851807
4, 13, 0.773661732673645, 0.635692834854126
4, 11, 0.7266501188278198, 0.6677628755569458
4, 10, 0.7432799935340881, 0.6094470620155334
4, 22, 0.7044954895973206, 0.7171124815940857
4, 17, 0.7046729922294617, 0.7398754954338074
4, 8, 0.7492342591285706, 0.6049168705940247
4, 15, 0.7202911972999573, 0.7399728894233704
4, 19, 0.7230179905891418, 0.6610016822814941
4, 7, 0.7343817353248596, 0.6642226576805115
4, 9, 0.7355548143386841, 0.657920241355896
4, 2, 0.7410774827003479, 0.6471699476242065
4, 14, 0.7774950861930847, 0.5808152556419373
4, 1, 0.7282589077949524, 0.6749308705329895
4, 18, 0.7633906006813049, 0.6277040839195251
4, 20, 0.7227854132652283, 0.6969910860061646
5, 13, 0.7844829559326172, 0.6018466949462891
5, 5, 0.761131227016449, 0.6062065362930298
5, 22, 0.7111630439758301, 0.6954442858695984
5, 4, 0.7161574363708496, 0.7842528820037842
5, 11, 0.7355631589889526, 0.6526821851730347
5, 2, 0.7510091662406921, 0.6166347861289978
5, 12, 0.7996920347213745, 0.5286791324615479
5, 3, 0.740791916847229, 0.6686302423477173
5, 6, 0.7242962121963501, 0.6493223309516907
5, 21, 0.7469099760055542, 0.6221943497657776
5, 8, 0.7563008666038513, 0.5868096351623535
5, 16, 0.7327766418457031, 0.6217146515846252
5, 10, 0.7515020966529846, 0.5826171636581421
5, 0, 0.7848101258277893, 0.5668631196022034
5, 15, 0.7291766405105591, 0.7086783647537231
5, 23, 0.8133271336555481, 0.4928227365016937
5, 9, 0.7467179298400879, 0.6391938328742981
5, 14, 0.7775581479072571, 0.5725652575492859
5, 19, 0.7334889769554138, 0.6390630006790161
5, 1, 0.7377433776855469, 0.6568503975868225
5, 7, 0.7390543818473816, 0.6420183181762695
5, 17, 0.7122159004211426, 0.7155815362930298
5, 20, 0.7302747368812561, 0.6790983080863953
5, 18, 0.7699925303459167, 0.6027371883392334
6, 3, 0.7450057864189148, 0.6587954163551331
6, 5, 0.7695695757865906, 0.5890204310417175
6, 19, 0.744617223739624, 0.6156414747238159
6, 4, 0.7288050651550293, 0.7460135221481323
6, 0, 0.7937972545623779, 0.54671710729599
6, 11, 0.741520881652832, 0.6351794600486755
6, 13, 0.7971630096435547, 0.5719408392906189
6, 1, 0.7468268275260925, 0.640620231628418
6, 8, 0.7580292224884033, 0.5828734040260315
6, 6, 0.7356997132301331, 0.627219021320343
6, 10, 0.7648050785064697, 0.5612137317657471
6, 2, 0.7627393007278442, 0.5939833521842957
6, 23, 0.8210224509239197, 0.47481438517570496
6, 22, 0.7222527861595154, 0.6720710396766663
6, 16, 0.738921046257019, 0.6095631122589111
6, 12, 0.8077571392059326, 0.5112447738647461
6, 17, 0.7251920700073242, 0.6806319952011108
6, 9, 0.7492265105247498, 0.6304791569709778
6, 14, 0.7818690538406372, 0.5674501657485962
6, 21, 0.7497434020042419, 0.607809841632843
6, 7, 0.7466293573379517, 0.6211424469947815
6, 18, 0.7851943373680115, 0.5697930455207825
6, 15, 0.738520622253418, 0.6879225373268127
6, 20, 0.7366397380828857, 0.6662673950195312
7, 13, 0.8027838468551636, 0.5586832165718079
7, 7, 0.7503756880760193, 0.6103543043136597
7, 12, 0.8119852542877197, 0.5054104328155518
7, 4, 0.7393726110458374, 0.6906289458274841
7, 8, 0.7632799744606018, 0.5693959593772888
7, 16, 0.7481037974357605, 0.5930482745170593
7, 0, 0.801520586013794, 0.5322694182395935
7, 5, 0.7760891318321228, 0.5759667158126831
7, 19, 0.7521871328353882, 0.6026409268379211
7, 23, 0.82477205991745, 0.46539953351020813
7, 1, 0.7518196702003479, 0.6279425024986267
7, 20, 0.7459606528282166, 0.6508423089981079
7, 21, 0.7565927505493164, 0.5970808267593384
7, 17, 0.7298292517662048, 0.6663612127304077
7, 3, 0.7455632090568542, 0.6527382135391235
7, 15, 0.7449792623519897, 0.6671628355979919
7, 6, 0.7495104074478149, 0.6031139492988586
7, 14, 0.7843083739280701, 0.5599592328071594
7, 10, 0.7698227167129517, 0.5447856783866882
7, 2, 0.774749219417572, 0.5685070753097534
7, 11, 0.7454848289489746, 0.6253204345703125
7, 9, 0.7549335360527039, 0.6191190481185913
7, 18, 0.7906669974327087, 0.5515633821487427
7, 22, 0.7311657667160034, 0.6511298418045044
8, 4, 0.7507531046867371, 0.6666772961616516
8, 11, 0.7509499192237854, 0.6111466884613037
8, 10, 0.7751354575157166, 0.5389717221260071
8, 7, 0.7544101476669312, 0.6032850742340088
8, 3, 0.7506911754608154, 0.6407471299171448
8, 16, 0.7522675395011902, 0.5811123847961426
8, 9, 0.7585291266441345, 0.6104522347450256
8, 8, 0.7663866281509399, 0.5640997290611267
8, 13, 0.8068335056304932, 0.5501255393028259
8, 12, 0.8170931339263916, 0.49308767914772034
8, 5, 0.7794470191001892, 0.5700011253356934
8, 14, 0.7871893048286438, 0.5563104748725891
8, 21, 0.765851616859436, 0.5832952857017517
8, 19, 0.7596437335014343, 0.5904121398925781
8, 22, 0.7356566786766052, 0.6414732336997986
8, 2, 0.78346186876297, 0.5544149279594421
8, 20, 0.753903329372406, 0.6356180906295776
8, 0, 0.803406298160553, 0.5279736518859863
8, 17, 0.7344067096710205, 0.6473264694213867
8, 6, 0.7541207671165466, 0.5923639535903931
8, 15, 0.7478073239326477, 0.6600775122642517
8, 23, 0.8255563378334045, 0.46159565448760986
8, 18, 0.800482988357544, 0.5297970771789551
8, 1, 0.7607627511024475, 0.6081643104553223
9, 3, 0.7514938116073608, 0.6364938616752625
9, 12, 0.8216389417648315, 0.4892576038837433
9, 22, 0.7442947626113892, 0.6195763349533081
9, 5, 0.7850726246833801, 0.558936357498169
9, 13, 0.813538670539856, 0.5312227606773376
9, 23, 0.8308989405632019, 0.4505709111690521
9, 4, 0.7541720271110535, 0.6554047465324402
9, 11, 0.7590655088424683, 0.5968754291534424
9, 15, 0.7522404789924622, 0.6479880213737488
9, 2, 0.7912753224372864, 0.5376811027526855
9, 17, 0.7344863414764404, 0.646777331829071
9, 16, 0.7537755370140076, 0.5747217535972595
9, 14, 0.7927408814430237, 0.5429314374923706
9, 0, 0.8094043731689453, 0.5153278112411499
9, 6, 0.7617911100387573, 0.5685563087463379
9, 19, 0.7652645111083984, 0.5831319093704224
9, 8, 0.7680712342262268, 0.5582234859466553
9, 7, 0.7628085017204285, 0.5879582762718201
9, 9, 0.7599506378173828, 0.5984466075897217
9, 21, 0.7699567079544067, 0.5782193541526794
9, 10, 0.7830623984336853, 0.52350914478302
9, 20, 0.7552452683448792, 0.6257352232933044
9, 1, 0.7632091045379639, 0.5993843674659729
9, 18, 0.8039055466651917, 0.5195891261100769
10, 4, 0.7609381675720215, 0.6288871765136719
10, 11, 0.7643430233001709, 0.5815088748931885
10, 12, 0.8237407207489014, 0.4818994402885437
10, 8, 0.7703027725219727, 0.5507693886756897
10, 13, 0.8190045952796936, 0.5214515924453735
10, 5, 0.790850818157196, 0.5495766401290894
10, 3, 0.7545483112335205, 0.6287385821342468
10, 1, 0.7693248391151428, 0.5822071433067322
10, 21, 0.7751550674438477, 0.5657037496566772
10, 22, 0.7464485168457031, 0.6092852354049683
10, 14, 0.7973251342773438, 0.5346896648406982
10, 9, 0.7662011981010437, 0.5902162790298462
10, 17, 0.7425466775894165, 0.6268084049224854
10, 0, 0.8114305138587952, 0.5031263828277588
10, 10, 0.7857609391212463, 0.5184726715087891
10, 19, 0.7654911279678345, 0.5796254277229309
10, 16, 0.7609552145004272, 0.5684473514556885
10, 7, 0.7668430209159851, 0.5838974118232727
10, 23, 0.833619236946106, 0.4452055096626282
10, 2, 0.7937932014465332, 0.5322064161300659
10, 15, 0.7540366649627686, 0.6365432739257812
10, 6, 0.7694818377494812, 0.5575087666511536
10, 18, 0.8095345497131348, 0.5092469453811646
10, 20, 0.7599782347679138, 0.6191858649253845
11, 23, 0.8327860236167908, 0.44910919666290283
11, 4, 0.7415004968643188, 0.7182114124298096
11, 13, 0.8033149838447571, 0.5706432461738586
11, 3, 0.7521403431892395, 0.6345054507255554
11, 11, 0.7695266604423523, 0.5720308423042297
11, 8, 0.7730813026428223, 0.5492942929267883
11, 12, 0.8292641043663025, 0.47378769516944885
11, 5, 0.7902402877807617, 0.5472185611724854
11, 10, 0.7832310795783997, 0.5334782600402832
11, 1, 0.7707886099815369, 0.5764568448066711
11, 15, 0.7525461912155151, 0.6461419463157654
11, 17, 0.7400588989257812, 0.6363753080368042
11, 20, 0.7554084658622742, 0.6184040307998657
11, 18, 0.8038012981414795, 0.5294429063796997
12, 8, 0.7890303730964661, 0.5114524364471436
12, 23, 0.8507989645004272, 0.39486196637153625
12, 16, 0.7570840120315552, 0.5691194534301758
12, 9, 0.7699222564697266, 0.5900865793228149
12, 14, 0.7994911074638367, 0.5294300317764282
12, 19, 0.7882009148597717, 0.5306915044784546
12, 6, 0.7754793763160706, 0.543703019618988
12, 4, 0.7760483622550964, 0.581315279006958
12, 10, 0.8172791004180908, 0.4595995545387268
12, 12, 0.835154116153717, 0.4589185416698456
12, 18, 0.8246321082115173, 0.46979814767837524
12, 13, 0.8344508409500122, 0.46966901421546936
12, 15, 0.7717883586883545, 0.5959116816520691
12, 17, 0.7585479617118835, 0.5900418758392334
13, 3, 0.7680370807647705, 0.5973724722862244
13, 23, 0.8601117730140686, 0.3746625781059265
13, 22, 0.7558656334877014, 0.5905025601387024
13, 7, 0.7757971286773682, 0.5753811001777649
13, 2, 0.7969905138015747, 0.5243487358093262
13, 11, 0.7819111347198486, 0.5388169288635254
13, 5, 0.8034538626670837, 0.5126259922981262
13, 1, 0.785747230052948, 0.5427657961845398
13, 8, 0.7980659604072571, 0.49550580978393555
13, 17, 0.7652549743652344, 0.5689043402671814
13, 9, 0.7797892689704895, 0.5650720000267029
13, 0, 0.8103271722793579, 0.49981507658958435
13, 10, 0.8316361904144287, 0.43267542123794556
13, 13, 0.8419747948646545, 0.4470796585083008
14, 4, 0.78391432762146, 0.5887361764907837
14, 8, 0.801960289478302, 0.48503077030181885
14, 19, 0.7916005849838257, 0.5203882455825806
14, 17, 0.7745690941810608, 0.5556946396827698
14, 12, 0.8372558951377869, 0.46159297227859497
14, 18, 0.8325891494750977, 0.4531368911266327
14, 16, 0.7767324447631836, 0.533282995223999
14, 9, 0.7820678949356079, 0.5482739210128784
14, 6, 0.7836597561836243, 0.5222920179367065
14, 13, 0.8511142134666443, 0.42156022787094116
14, 15, 0.7735463380813599, 0.5918571949005127
14, 23, 0.8684442639350891, 0.3562537431716919
14, 14, 0.8196366429328918, 0.4816160500049591
14, 10, 0.8413762450218201, 0.4044087827205658
15, 11, 0.7954683899879456, 0.5102599263191223
15, 13, 0.8565359115600586, 0.4039355516433716
15, 22, 0.76800936460495, 0.5610204339027405
15, 23, 0.8719733357429504, 0.3458399772644043
15, 17, 0.7818135023117065, 0.5428236722946167
15, 10, 0.8510109186172485, 0.3809817135334015
15, 2, 0.8100795149803162, 0.48966625332832336
15, 20, 0.7674494385719299, 0.590968906879425
15, 3, 0.7809239029884338, 0.5693500638008118
15, 8, 0.8068609237670898, 0.47344771027565
15, 1, 0.7991618514060974, 0.5151804685592651
15, 15, 0.7886037230491638, 0.5532791614532471
15, 4, 0.7958207726478577, 0.5367547869682312
15, 0, 0.8190335035324097, 0.47873732447624207
16, 12, 0.8371825814247131, 0.45782291889190674
16, 8, 0.8101863861083984, 0.468648761510849
16, 23, 0.8785903453826904, 0.33419010043144226
16, 13, 0.8606519103050232, 0.3937150239944458
16, 19, 0.7979239225387573, 0.5068554878234863
16, 6, 0.7965320348739624, 0.4947104752063751
16, 16, 0.7886385917663574, 0.509017288684845
16, 14, 0.8284266591072083, 0.45922625064849854
16, 18, 0.8377143740653992, 0.4393403232097626
16, 15, 0.7984637022018433, 0.531331479549408
16, 17, 0.7885403633117676, 0.5232133865356445
16, 4, 0.8054798245429993, 0.5095706582069397
16, 9, 0.7858725786209106, 0.5410264730453491
16, 10, 0.8556489944458008, 0.3705780506134033
17, 23, 0.8798156976699829, 0.32627934217453003
17, 13, 0.8634623289108276, 0.38132500648498535
17, 11, 0.810503363609314, 0.48473840951919556
17, 3, 0.7852938771247864, 0.5549346208572388
17, 22, 0.7789844870567322, 0.537337064743042
17, 0, 0.8253726363182068, 0.46231114864349365
17, 4, 0.8133696913719177, 0.4882410764694214
17, 17, 0.792918860912323, 0.5142273306846619
17, 9, 0.7908061146736145, 0.5299442410469055
17, 1, 0.8113532662391663, 0.4959205985069275
17, 5, 0.8140726685523987, 0.48364898562431335
17, 8, 0.8112803101539612, 0.459109902381897
17, 10, 0.8629013299942017, 0.352212131023407
17, 20, 0.773723840713501, 0.5736695528030396
18, 12, 0.8451254963874817, 0.44003787636756897
18, 4, 0.8140869140625, 0.4844741225242615
18, 23, 0.884962260723114, 0.3182251453399658
18, 19, 0.8022075295448303, 0.4956400990486145
18, 8, 0.8156996369361877, 0.4522109031677246
18, 17, 0.8006607294082642, 0.49734851717948914
18, 13, 0.868264377117157, 0.3716273307800293
18, 16, 0.7995543479919434, 0.49149221181869507
18, 6, 0.8022235631942749, 0.4793160855770111
18, 7, 0.784504234790802, 0.5586467981338501
18, 15, 0.802629292011261, 0.5204981565475464
18, 14, 0.8379946947097778, 0.4375860393047333
18, 10, 0.8700271844863892, 0.3400570750236511
18, 18, 0.8421967029571533, 0.42645204067230225
19, 3, 0.7921385765075684, 0.5427782535552979
19, 11, 0.8217385411262512, 0.4614933729171753
19, 23, 0.886702299118042, 0.3128907382488251
19, 5, 0.8224892020225525, 0.4616559147834778
19, 17, 0.8059148788452148, 0.4837668240070343
19, 0, 0.8313506841659546, 0.4444347023963928
19, 13, 0.8710526823997498, 0.36476919054985046
19, 8, 0.8205565810203552, 0.4417917728424072
19, 6, 0.8087923526763916, 0.46884164214134216
19, 10, 0.8718613386154175, 0.3319351375102997
19, 2, 0.8174133896827698, 0.4695517420768738
19, 20, 0.7773143649101257, 0.5603027939796448
19, 9, 0.788318395614624, 0.5305941104888916
19, 1, 0.814681887626648, 0.48324140906333923
20, 21, 0.7902145981788635, 0.526194155216217
20, 4, 0.8109788298606873, 0.5043231844902039
20, 23, 0.8868738412857056, 0.3094828128814697
20, 14, 0.841275155544281, 0.4274979531764984
20, 19, 0.8044059872627258, 0.4880480170249939
20, 7, 0.7941787838935852, 0.5336120128631592
20, 12, 0.8457120656967163, 0.43825042247772217
20, 15, 0.8086293339729309, 0.5076534748077393
20, 8, 0.8229631781578064, 0.43654441833496094
20, 13, 0.8735975623130798, 0.36126187443733215
20, 10, 0.8729997873306274, 0.33361315727233887
20, 18, 0.8468527793884277, 0.4180167019367218
20, 16, 0.8030204176902771, 0.4801578223705292
20, 17, 0.8099749088287354, 0.48132553696632385
21, 22, 0.7815278172492981, 0.5320014953613281
21, 9, 0.7908688187599182, 0.5192130208015442
21, 11, 0.8264296054840088, 0.4540451169013977
21, 23, 0.8897411823272705, 0.30097150802612305
21, 10, 0.877616822719574, 0.3223743736743927
21, 13, 0.8757219910621643, 0.35176554322242737
21, 5, 0.8289215564727783, 0.4495522975921631
21, 6, 0.805609941482544, 0.47281068563461304
21, 3, 0.7996745109558105, 0.5277650356292725
21, 17, 0.814592182636261, 0.4680294394493103
21, 4, 0.8214507699012756, 0.46358177065849304
21, 0, 0.8372685313224792, 0.4331133961677551
21, 8, 0.8238601684570312, 0.4322871267795563
21, 20, 0.7854565382003784, 0.5448480844497681
22, 19, 0.8128597736358643, 0.47446462512016296
22, 14, 0.8450603485107422, 0.4164358973503113
22, 4, 0.8239850997924805, 0.46134766936302185
22, 23, 0.8928291201591492, 0.2951638996601105
22, 10, 0.8805051445960999, 0.3168904781341553
22, 16, 0.8090972304344177, 0.46737805008888245
22, 12, 0.8487914800643921, 0.4332243800163269
22, 1, 0.8232439756393433, 0.4668940305709839
22, 7, 0.794837474822998, 0.5305067896842957
22, 8, 0.8261792063713074, 0.4285665452480316
22, 13, 0.8777578473091125, 0.35233640670776367
22, 15, 0.8164829015731812, 0.4946829080581665
22, 17, 0.8176770210266113, 0.4594593048095703
22, 18, 0.8510571718215942, 0.40717756748199463
23, 8, 0.8298766016960144, 0.41996511816978455
23, 5, 0.8349614143371582, 0.43472030758857727
23, 12, 0.8566610217094421, 0.40221187472343445
23, 10, 0.8824447393417358, 0.3122199475765228
23, 3, 0.8006777763366699, 0.5211044549942017
23, 23, 0.8931477069854736, 0.29210302233695984
23, 13, 0.879660964012146, 0.3427351713180542
23, 11, 0.8352488875389099, 0.43604204058647156
23, 9, 0.7947989106178284, 0.5144206285476685
23, 0, 0.8435876369476318, 0.41729798913002014
23, 20, 0.7914226055145264, 0.5323900580406189
23, 6, 0.8093635439872742, 0.4633166193962097
23, 2, 0.8244075179100037, 0.45322853326797485
23, 17, 0.8239262700080872, 0.44924572110176086
24, 4, 0.82159423828125, 0.46975409984588623
24, 13, 0.8802584409713745, 0.33858802914619446
24, 23, 0.8948142528533936, 0.29081666469573975
24, 22, 0.78413987159729, 0.5259154438972473
24, 16, 0.8168846368789673, 0.45029309391975403
24, 17, 0.8273295164108276, 0.4432080090045929
24, 19, 0.8161234855651855, 0.4638100862503052
24, 14, 0.8490347862243652, 0.41002774238586426
24, 1, 0.8261514902114868, 0.4611833989620209
24, 15, 0.8222154378890991, 0.48822134733200073
24, 8, 0.8292421698570251, 0.4223397374153137
24, 10, 0.8842999339103699, 0.3065572679042816
24, 18, 0.8531593680381775, 0.4015437364578247
24, 7, 0.7990366816520691, 0.5185789465904236
25, 9, 0.7933355569839478, 0.5179032683372498
25, 3, 0.8054936528205872, 0.5128833651542664
25, 0, 0.8448314070701599, 0.41366708278656006
25, 5, 0.8384937644004822, 0.4269729554653168
25, 2, 0.8292234539985657, 0.44195181131362915
25, 8, 0.8328520059585571, 0.4134431779384613
25, 11, 0.8373598456382751, 0.43003764748573303
25, 12, 0.8548280596733093, 0.4096994400024414
25, 13, 0.883799135684967, 0.33363083004951477
25, 6, 0.8169318437576294, 0.4484519958496094
25, 10, 0.8879894018173218, 0.2993910014629364
25, 23, 0.897363007068634, 0.2878207862377167
25, 20, 0.7987487316131592, 0.5159395933151245
25, 17, 0.8283445239067078, 0.43925464153289795
26, 23, 0.8988824486732483, 0.28346532583236694
26, 13, 0.8840868473052979, 0.3283909261226654
26, 14, 0.8512007594108582, 0.40252622961997986
26, 22, 0.792319655418396, 0.5088969469070435
26, 16, 0.8204631805419922, 0.4418115019798279
26, 10, 0.8877152800559998, 0.2997725307941437
26, 19, 0.8210189938545227, 0.45558732748031616
26, 15, 0.8240689635276794, 0.4836058020591736
26, 4, 0.8267345428466797, 0.4623476266860962
26, 17, 0.8343549966812134, 0.434579998254776
26, 7, 0.8039974570274353, 0.5122268199920654
26, 8, 0.8338146209716797, 0.40927669405937195
26, 1, 0.8286378979682922, 0.45503440499305725
26, 18, 0.8561475872993469, 0.3983776569366455
27, 23, 0.8984903693199158, 0.280239462852478
27, 12, 0.8550235629081726, 0.40437930822372437
27, 11, 0.8408781886100769, 0.4243035614490509
27, 10, 0.8898235559463501, 0.2937270998954773
27, 13, 0.8861891031265259, 0.3236197233200073
27, 8, 0.8363962769508362, 0.4065655767917633
27, 5, 0.8433343768119812, 0.41694748401641846
27, 9, 0.7973910570144653, 0.5124139189720154
27, 20, 0.8029739856719971, 0.5128925442695618
27, 17, 0.8364645838737488, 0.4265206456184387
27, 3, 0.8091278076171875, 0.504531741142273
27, 2, 0.8387154936790466, 0.4278431236743927
27, 0, 0.8496459126472473, 0.40556368231773376
27, 6, 0.8194818496704102, 0.4419337809085846
28, 4, 0.8250848650932312, 0.46136799454689026
28, 23, 0.9011616706848145, 0.2754588723182678
28, 19, 0.8214042782783508, 0.4517202377319336
28, 8, 0.8355430364608765, 0.4035939574241638
28, 13, 0.889021635055542, 0.3199867308139801
28, 15, 0.828349232673645, 0.47224903106689453
28, 1, 0.8372200131416321, 0.4370003938674927
28, 10, 0.8896970748901367, 0.2935218811035156
28, 9, 0.8006104230880737, 0.49659138917922974
28, 16, 0.827282726764679, 0.4314334988594055
28, 18, 0.8609426617622375, 0.3865707814693451
28, 22, 0.7971542477607727, 0.49701449275016785
28, 14, 0.8537873029708862, 0.3959457576274872
28, 17, 0.8353898525238037, 0.4266204535961151
29, 23, 0.9012596607208252, 0.27289849519729614
29, 13, 0.8900617361068726, 0.3135776221752167
29, 7, 0.8073938488960266, 0.5091382265090942
29, 3, 0.8109114170074463, 0.5009904503822327
29, 12, 0.855683445930481, 0.40495598316192627
29, 6, 0.8270705938339233, 0.42752978205680847
29, 8, 0.8379058241844177, 0.400049090385437
29, 10, 0.892437756061554, 0.28770992159843445
29, 2, 0.8394548296928406, 0.4235660433769226
29, 17, 0.8393703103065491, 0.4178992211818695
29, 11, 0.8439273834228516, 0.4208757281303406
29, 0, 0.8535376787185669, 0.3948553800582886
29, 5, 0.8467576503753662, 0.4097748398780823
29, 20, 0.8009248375892639, 0.5108397603034973
30, 8, 0.8392403721809387, 0.3980996012687683
30, 19, 0.823625385761261, 0.444010853767395
30, 4, 0.8275952935218811, 0.45738717913627625
30, 23, 0.9039309620857239, 0.2703990340232849
30, 16, 0.8308613300323486, 0.42344528436660767
30, 1, 0.8407491445541382, 0.43176478147506714
30, 9, 0.7986244559288025, 0.5012876391410828
30, 13, 0.8914116024971008, 0.312732994556427
30, 22, 0.7989185452461243, 0.49218177795410156
30, 10, 0.8940610885620117, 0.2853308320045471
30, 14, 0.8546915054321289, 0.39110615849494934
30, 18, 0.862436830997467, 0.379480242729187
30, 17, 0.8409624695777893, 0.415579617023468
30, 15, 0.834158182144165, 0.4586954116821289
31, 12, 0.8583718538284302, 0.39838746190071106
31, 23, 0.902656614780426, 0.27102652192115784
31, 11, 0.8501430749893188, 0.4063616991043091
31, 13, 0.8923189043998718, 0.3084404468536377
31, 0, 0.8558446764945984, 0.38770219683647156
31, 3, 0.8126950860023499, 0.4984060525894165
31, 17, 0.8410221934318542, 0.41281241178512573
31, 6, 0.8299469351768494, 0.4237767159938812
31, 8, 0.8392403721809387, 0.39700987935066223
31, 2, 0.8401342630386353, 0.42113128304481506
31, 20, 0.8081240653991699, 0.4958439767360687
31, 10, 0.8956000804901123, 0.28106164932250977
31, 5, 0.8502027988433838, 0.4028761684894562
31, 7, 0.8110578060150146, 0.49810585379600525
32, 23, 0.9036614298820496, 0.26562032103538513
32, 10, 0.8966120481491089, 0.2791855037212372
32, 19, 0.8257105350494385, 0.4422989785671234
32, 16, 0.8334496021270752, 0.4188956916332245
32, 4, 0.8301056623458862, 0.44912824034690857
32, 14, 0.8598225116729736, 0.38385269045829773
32, 17, 0.8431915044784546, 0.4077189862728119
32, 8, 0.8425439596176147, 0.3919488191604614
32, 13, 0.894465446472168, 0.30382561683654785
32, 1, 0.8477873206138611, 0.4154663681983948
32, 22, 0.8061589002609253, 0.48029711842536926
32, 9, 0.7999832630157471, 0.5019294619560242
32, 15, 0.8354384303092957, 0.4600108861923218
32, 18, 0.8628364205360413, 0.38035106658935547
33, 12, 0.8580296635627747, 0.39576455950737
33, 0, 0.8591346144676208, 0.38100525736808777
33, 10, 0.8952627778053284, 0.2785572111606598
33, 5, 0.8541712164878845, 0.393022745847702
33, 8, 0.8418439030647278, 0.39092034101486206
33, 23, 0.9037104249000549, 0.266541451215744
33, 3, 0.8160394430160522, 0.49318408966064453
33, 2, 0.8483273983001709, 0.40547579526901245
33, 17, 0.84552001953125, 0.40196847915649414
33, 11, 0.8509405851364136, 0.40183472633361816
33, 18, 0.8699073791503906, 0.3635696768760681
33, 7, 0.8140425086021423, 0.49524080753326416
33, 13, 0.8963464498519897, 0.2995421588420868
33, 6, 0.8344349265098572, 0.4140534996986389
34, 8, 0.8434409499168396, 0.3872773349285126
34, 4, 0.833954930305481, 0.4392704963684082
34, 22, 0.8088626265525818, 0.4721432328224182
34, 16, 0.8394139409065247, 0.4087362587451935
34, 1, 0.8480479717254639, 0.41363123059272766
34, 19, 0.8279316425323486, 0.44044071435928345
34, 9, 0.7987499237060547, 0.49923068284988403
34, 10, 0.8958742022514343, 0.27784454822540283
34, 23, 0.9047152400016785, 0.2657504677772522
34, 20, 0.8097742199897766, 0.49784553050994873
34, 13, 0.8958374857902527, 0.3001962900161743
34, 15, 0.8395849466323853, 0.44686830043792725
34, 17, 0.8472316265106201, 0.40069779753685
34, 14, 0.8610632419586182, 0.3801604211330414
35, 11, 0.8534502983093262, 0.3971538245677948
35, 23, 0.9073129892349243, 0.2622128427028656
35, 4, 0.8417730331420898, 0.4183846414089203
35, 12, 0.8608402609825134, 0.3920964002609253
35, 10, 0.89703369140625, 0.27201029658317566
35, 5, 0.8535388708114624, 0.3955461084842682
35, 2, 0.8477878570556641, 0.40607139468193054
35, 3, 0.817934513092041, 0.48752620816230774
35, 0, 0.8606591820716858, 0.3745148777961731
35, 8, 0.8440098166465759, 0.3880326747894287
35, 13, 0.8984044790267944, 0.2941489517688751
35, 18, 0.8662763237953186, 0.37270623445510864
35, 6, 0.833292543888092, 0.4176139831542969
35, 17, 0.8452812433242798, 0.39930105209350586
36, 8, 0.8432003259658813, 0.38763129711151123
36, 16, 0.8422722816467285, 0.40357986092567444
36, 4, 0.849495530128479, 0.4029937982559204
36, 14, 0.860916018486023, 0.38045382499694824
36, 13, 0.8969882130622864, 0.2925940454006195
36, 22, 0.8098707795143127, 0.47352996468544006
36, 1, 0.8505343794822693, 0.40782496333122253
36, 23, 0.9060386419296265, 0.2604506015777588
36, 17, 0.8471918106079102, 0.3995031416416168
36, 9, 0.7990634441375732, 0.49925413727760315
36, 15, 0.8443047404289246, 0.44077932834625244
36, 10, 0.8975186347961426, 0.27130669355392456
36, 19, 0.8270477056503296, 0.4400891363620758
36, 20, 0.815595269203186, 0.4824368357658386
37, 4, 0.8514082431793213, 0.40021589398384094
37, 0, 0.8623242378234863, 0.37362417578697205
37, 5, 0.8568967580795288, 0.388237863779068
37, 12, 0.8619400262832642, 0.3877977728843689
37, 13, 0.8974971771240234, 0.2924994230270386
37, 23, 0.9062346816062927, 0.2603922486305237
37, 10, 0.8992473483085632, 0.27000463008880615
37, 2, 0.851624608039856, 0.3968239724636078
37, 6, 0.8344553112983704, 0.4125359058380127
37, 3, 0.8190492987632751, 0.4841052293777466
37, 11, 0.8578130006790161, 0.38556069135665894
37, 18, 0.8693861961364746, 0.3664093017578125
37, 8, 0.8453443646430969, 0.385232150554657
37, 17, 0.8490427136421204, 0.39223843812942505
38, 13, 0.8996216058731079, 0.28703540563583374
38, 22, 0.8155301809310913, 0.4620678424835205
38, 19, 0.8316712975502014, 0.42761170864105225
38, 1, 0.8513364195823669, 0.40044671297073364
38, 10, 0.9010604619979858, 0.2662132978439331
38, 23, 0.9063327312469482, 0.2609010636806488
38, 17, 0.8508737087249756, 0.39299464225769043
38, 4, 0.854253351688385, 0.3933696746826172
38, 8, 0.8467882871627808, 0.37965014576911926
38, 16, 0.8441628813743591, 0.3993518054485321
38, 15, 0.8453556895256042, 0.43635985255241394
38, 20, 0.8193489909172058, 0.4744372069835663
38, 14, 0.8611893653869629, 0.37358421087265015
38, 9, 0.802031934261322, 0.4983471632003784
39, 3, 0.8210558891296387, 0.4781718850135803
39, 12, 0.8600581884384155, 0.3907807171344757
39, 11, 0.8610029816627502, 0.38124388456344604
39, 5, 0.8587937951087952, 0.3844863474369049
39, 6, 0.8414116501808167, 0.4028063714504242
39, 8, 0.8478603363037109, 0.3783099055290222
39, 4, 0.8562377691268921, 0.38968536257743835
39, 13, 0.9003739953041077, 0.28618890047073364
39, 23, 0.907754123210907, 0.25611913204193115
39, 0, 0.8645709753036499, 0.36982083320617676
39, 7, 0.8121281862258911, 0.49370354413986206
39, 18, 0.8688128590583801, 0.36581841111183167
39, 17, 0.8516299724578857, 0.38623300194740295
39, 10, 0.9017350673675537, 0.2602665424346924
40, 23, 0.9080237150192261, 0.2583426535129547
40, 16, 0.8509374260902405, 0.3898651897907257
40, 13, 0.9024984240531921, 0.2834415137767792
40, 14, 0.8635656237602234, 0.37160393595695496
40, 22, 0.8172944784164429, 0.45776963233947754
40, 1, 0.8573319315910339, 0.3956596255302429
40, 10, 0.9003857970237732, 0.2626364827156067
40, 19, 0.8312859535217285, 0.42971348762512207
40, 15, 0.8484703898429871, 0.4283542037010193
40, 9, 0.8041224479675293, 0.4880787432193756
40, 8, 0.8472039699554443, 0.37862828373908997
40, 17, 0.854515790939331, 0.38493841886520386
40, 2, 0.8550217747688293, 0.39096570014953613
40, 20, 0.8227400779724121, 0.46555912494659424
41, 11, 0.8613782525062561, 0.3791789710521698
41, 12, 0.862453281879425, 0.3846665620803833
41, 13, 0.901259183883667, 0.2860221266746521
41, 3, 0.8221037983894348, 0.4778285026550293
41, 6, 0.8437984585762024, 0.3969791829586029
41, 23, 0.9092000722885132, 0.2528730630874634
41, 17, 0.853839099407196, 0.3833457827568054
41, 5, 0.8610396385192871, 0.3777865469455719
41, 4, 0.8531296253204346, 0.39891937375068665
41, 8, 0.8484072685241699, 0.37415003776550293
41, 10, 0.9015031456947327, 0.26141074299812317
41, 7, 0.8185710310935974, 0.48085716366767883
41, 0, 0.865172803401947, 0.3671594560146332
41, 18, 0.864886462688446, 0.3756728172302246
42, 17, 0.8537595272064209, 0.3806345462799072
42, 19, 0.8363401293754578, 0.4231170415878296
42, 20, 0.8238099813461304, 0.46291616559028625
42, 16, 0.851725161075592, 0.3871731460094452
42, 8, 0.8485604524612427, 0.37434276938438416
42, 23, 0.9082933068275452, 0.25169387459754944
42, 13, 0.903140127658844, 0.2804589569568634
42, 1, 0.858795702457428, 0.38489407300949097
42, 22, 0.8208459615707397, 0.4482865333557129
42, 9, 0.805397629737854, 0.48615944385528564
42, 2, 0.8565405011177063, 0.3888762593269348
42, 10, 0.9036325216293335, 0.25999021530151367
42, 14, 0.8654161691665649, 0.36516591906547546
42, 15, 0.8492347002029419, 0.42796584963798523
43, 10, 0.9031475782394409, 0.25974103808403015
43, 23, 0.9096902012825012, 0.2520539462566376
43, 4, 0.8556161522865295, 0.3909139931201935
43, 17, 0.854973554611206, 0.38216426968574524
43, 5, 0.8621734976768494, 0.37386998534202576
43, 3, 0.8225051164627075, 0.4749503433704376
43, 11, 0.8652249574661255, 0.3706328272819519
43, 7, 0.8222967982292175, 0.4718700349330902
43, 13, 0.901768147945404, 0.28165629506111145
43, 12, 0.8644817471504211, 0.3776123821735382
43, 8, 0.8503981828689575, 0.37245726585388184
43, 0, 0.8658348321914673, 0.36457061767578125
43, 6, 0.8435536623001099, 0.39609625935554504
43, 18, 0.869629442691803, 0.36252710223197937
44, 13, 0.9032950401306152, 0.27716925740242004
44, 15, 0.8525595664978027, 0.41667792201042175
44, 22, 0.8226101994514465, 0.4448574185371399
44, 19, 0.8389012217521667, 0.416953444480896
44, 14, 0.8686966300010681, 0.36086294054985046
44, 16, 0.8560914397239685, 0.37895235419273376
44, 17, 0.8580981492996216, 0.37296175956726074
44, 10, 0.9039065837860107, 0.25652334094047546
44, 1, 0.8600589632987976, 0.38153767585754395
44, 9, 0.8058784008026123, 0.48617979884147644
44, 2, 0.85959792137146, 0.3794805705547333
44, 20, 0.8281983733177185, 0.4561183750629425
44, 23, 0.9102783799171448, 0.24954158067703247
44, 8, 0.8522359132766724, 0.3666161894798279
45, 4, 0.8571223616600037, 0.38876795768737793
45, 11, 0.8678050637245178, 0.3645398020744324
45, 23, 0.9096657037734985, 0.24945083260536194
45, 13, 0.9042908549308777, 0.2765998840332031
45, 3, 0.8277668952941895, 0.46819421648979187
45, 17, 0.8594316244125366, 0.3700558543205261
45, 8, 0.8517983555793762, 0.3647998571395874
45, 7, 0.824169933795929, 0.46748945116996765
45, 10, 0.9062888622283936, 0.25346997380256653
45, 12, 0.8661680817604065, 0.3716225326061249
45, 0, 0.8680816292762756, 0.3591209650039673
45, 5, 0.8644629716873169, 0.37071463465690613
45, 18, 0.8711583018302917, 0.3598528802394867
45, 6, 0.8456344604492188, 0.3880364000797272
46, 22, 0.8249244093894958, 0.4378504455089569
46, 9, 0.8074044585227966, 0.48232564330101013
46, 23, 0.9110626578330994, 0.24766236543655396
46, 10, 0.9051082730293274, 0.2528132498264313
46, 16, 0.8580495715141296, 0.37323522567749023
46, 17, 0.861819863319397, 0.36833328008651733
46, 14, 0.8701055645942688, 0.35594266653060913
46, 13, 0.9043572545051575, 0.27425381541252136
46, 20, 0.8289781212806702, 0.4521082937717438
46, 19, 0.8399211168289185, 0.4114688038825989
46, 2, 0.8638343811035156, 0.373013436794281
46, 8, 0.8527610301971436, 0.3652377128601074
46, 1, 0.8631669878959656, 0.3757389783859253
46, 15, 0.851909875869751, 0.4186394512653351
47, 3, 0.8262730836868286, 0.46456047892570496
47, 11, 0.8712061047554016, 0.3578334450721741
47, 10, 0.9059515595436096, 0.25215309858322144
47, 6, 0.8518767952919006, 0.3791761100292206
47, 4, 0.8558313250541687, 0.38936087489128113
47, 13, 0.9046006798744202, 0.2746204137802124
47, 7, 0.8262695074081421, 0.46146103739738464
47, 0, 0.8698870539665222, 0.3538585603237152
47, 12, 0.8669012784957886, 0.376661479473114
47, 8, 0.8526297211647034, 0.36682242155075073
47, 23, 0.9116753339767456, 0.24522431194782257
47, 5, 0.865378737449646, 0.3667272627353668
47, 17, 0.8581379652023315, 0.37115299701690674
47, 18, 0.8725829124450684, 0.3577894866466522
48, 16, 0.8623483777046204, 0.367843359708786
48, 23, 0.9116017818450928, 0.24544590711593628
48, 2, 0.8633947372436523, 0.3699154853820801
48, 20, 0.832332968711853, 0.4456501007080078
48, 8, 0.8547081351280212, 0.36251166462898254
48, 17, 0.861103355884552, 0.36610132455825806
48, 13, 0.906083345413208, 0.27315545082092285
48, 19, 0.8407143950462341, 0.41025272011756897
48, 14, 0.8694326281547546, 0.35557496547698975
48, 9, 0.8081152439117432, 0.48073047399520874
48, 22, 0.8276739120483398, 0.4322705864906311
48, 15, 0.8554831743240356, 0.40895771980285645
48, 1, 0.8661346435546875, 0.3721659779548645
48, 10, 0.9063521027565002, 0.2502783536911011
49, 8, 0.8542487025260925, 0.36128073930740356
49, 4, 0.8572419285774231, 0.38543540239334106
49, 11, 0.8738331198692322, 0.3504195213317871
49, 5, 0.8693253397941589, 0.36058273911476135
49, 13, 0.9056186079978943, 0.27101314067840576
49, 12, 0.8703228235244751, 0.3637129068374634
49, 23, 0.91241055727005, 0.24315312504768372
49, 6, 0.8529375791549683, 0.37788084149360657
49, 0, 0.8720335364341736, 0.3488631248474121
49, 7, 0.8271546363830566, 0.45772266387939453
49, 3, 0.8281236290931702, 0.4649334251880646
49, 10, 0.9071532487869263, 0.24995316565036774
49, 18, 0.8740596771240234, 0.3516944944858551
49, 17, 0.8628547787666321, 0.3623661398887634
50, 19, 0.8435701131820679, 0.40446937084198
50, 23, 0.9121654629707336, 0.244222953915596
50, 8, 0.8542049527168274, 0.36078953742980957
50, 10, 0.908207356929779, 0.24695071578025818
50, 9, 0.8102893233299255, 0.47717031836509705
50, 22, 0.8343414664268494, 0.4231214225292206
50, 17, 0.861760139465332, 0.36486485600471497
50, 2, 0.8670516610145569, 0.3635912537574768
50, 14, 0.8723135590553284, 0.3512633740901947
50, 15, 0.854336678981781, 0.4106515645980835
50, 13, 0.9067472219467163, 0.2697276473045349
50, 1, 0.867939293384552, 0.3647294044494629
50, 16, 0.8621007800102234, 0.3641720116138458
50, 20, 0.8362136483192444, 0.43732520937919617
51, 12, 0.8709827065467834, 0.36181291937828064
51, 23, 0.9126065969467163, 0.2442893236875534
51, 4, 0.8593458533287048, 0.38471660017967224
51, 13, 0.9076987504959106, 0.26929929852485657
51, 3, 0.8291268944740295, 0.4592360854148865
51, 17, 0.8649444580078125, 0.36065903306007385
51, 11, 0.8740676641464233, 0.34865444898605347
51, 8, 0.8557145595550537, 0.3574638068675995
51, 5, 0.870611846446991, 0.35560476779937744
51, 10, 0.9089874029159546, 0.24929247796535492
51, 6, 0.8573235273361206, 0.368308961391449
51, 7, 0.8268253207206726, 0.45728790760040283
51, 0, 0.8732171058654785, 0.3452386260032654
51, 18, 0.8735905885696411, 0.359000563621521
52, 2, 0.8683705925941467, 0.36167407035827637
52, 19, 0.8470830917358398, 0.39807990193367004
52, 23, 0.9136849045753479, 0.24263696372509003
52, 16, 0.8640813827514648, 0.3620489239692688
52, 1, 0.8682600855827332, 0.3653831481933594
52, 13, 0.9083184003829956, 0.2670854926109314
52, 8, 0.8557801842689514, 0.3554842174053192
52, 22, 0.8372284770011902, 0.41690272092819214
52, 17, 0.8641881942749023, 0.3592955470085144
52, 10, 0.9088398218154907, 0.24416257441043854
52, 9, 0.8099339604377747, 0.47500860691070557
52, 14, 0.8722925782203674, 0.3475199043750763
52, 20, 0.8378275632858276, 0.4342736303806305
52, 15, 0.8583111763000488, 0.4044775366783142
53, 23, 0.9130967259407043, 0.23982340097427368
53, 3, 0.8292383551597595, 0.45759063959121704
53, 13, 0.9073668122291565, 0.26814165711402893
53, 11, 0.875850260257721, 0.3459128141403198
53, 10, 0.9095355272293091, 0.24597232043743134
53, 12, 0.8709582686424255, 0.3630855083465576
53, 8, 0.8556270003318787, 0.3576148748397827
53, 7, 0.8299129009246826, 0.4534235894680023
53, 17, 0.8641682863235474, 0.3584767282009125
53, 6, 0.8586291074752808, 0.3675064444541931
53, 0, 0.8748420476913452, 0.34409400820732117
53, 4, 0.8595849275588989, 0.3821351230144501
53, 5, 0.8742313981056213, 0.35118409991264343
53, 18, 0.8753279447555542, 0.3489084541797638
54, 22, 0.8374117612838745, 0.4138525128364563
54, 19, 0.849077582359314, 0.3953356146812439
54, 23, 0.9153269529342651, 0.23694150149822235
54, 8, 0.854861319065094, 0.35641002655029297
54, 13, 0.9089822769165039, 0.2622741758823395
54, 14, 0.873722493648529, 0.34725654125213623
54, 2, 0.8689700365066528, 0.35503602027893066
54, 9, 0.8098921179771423, 0.4779846668243408
54, 16, 0.8635637164115906, 0.35963764786720276
54, 10, 0.9103577733039856, 0.24275676906108856
54, 17, 0.8662381172180176, 0.354752779006958
54, 1, 0.8683202862739563, 0.36031413078308105
54, 15, 0.8582156300544739, 0.40132060647010803
54, 20, 0.8389155864715576, 0.42972418665885925
55, 4, 0.8593219518661499, 0.38358086347579956
55, 12, 0.8744531869888306, 0.3574345111846924
55, 23, 0.9147142171859741, 0.2368507981300354
55, 5, 0.8748419284820557, 0.34433865547180176
55, 10, 0.9103366732597351, 0.24315309524536133
55, 13, 0.9073004722595215, 0.2654705345630646
55, 17, 0.8656410574913025, 0.3540992736816406
55, 8, 0.8584274053573608, 0.3518483340740204
55, 0, 0.8763666152954102, 0.33921512961387634
55, 11, 0.8768354058265686, 0.3395402133464813
55, 6, 0.8587311506271362, 0.36202895641326904
55, 18, 0.877673327922821, 0.3439328074455261
55, 7, 0.8308804035186768, 0.44979485869407654
55, 3, 0.8314902186393738, 0.4535050392150879
56, 9, 0.8091395497322083, 0.47618675231933594
56, 23, 0.9155474901199341, 0.2384728640317917
56, 22, 0.8419026732444763, 0.40560320019721985
56, 17, 0.869203507900238, 0.35254567861557007
56, 13, 0.9095797538757324, 0.26150932908058167
56, 16, 0.8670973181724548, 0.35518553853034973
56, 7, 0.8334739804267883, 0.44446954131126404
56, 10, 0.909683108329773, 0.24322757124900818
56, 14, 0.8745636343955994, 0.34427618980407715
56, 8, 0.8554520010948181, 0.35591453313827515
56, 19, 0.8489642143249512, 0.3964814841747284
56, 2, 0.8721074461936951, 0.3509961664676666
56, 15, 0.8606806397438049, 0.39650416374206543
56, 1, 0.8686410784721375, 0.35853680968284607
57, 12, 0.8744776248931885, 0.3505907356739044
57, 23, 0.9151308536529541, 0.23555009067058563
57, 13, 0.9096018671989441, 0.2620508372783661
57, 3, 0.8332070112228394, 0.45178526639938354
57, 4, 0.8601587414741516, 0.38173604011535645
57, 10, 0.9106107354164124, 0.23834003508090973
57, 11, 0.8797203898429871, 0.3385753333568573
57, 5, 0.8761938214302063, 0.34301525354385376
57, 8, 0.8582524061203003, 0.3526652157306671
57, 6, 0.8619135022163391, 0.35799267888069153
57, 18, 0.8784204125404358, 0.3443690538406372
57, 20, 0.8383352756500244, 0.43119922280311584
57, 17, 0.8683875203132629, 0.35059884190559387
57, 0, 0.8769684433937073, 0.3360441029071808
58, 14, 0.8749842047691345, 0.3423598110675812
58, 13, 0.9098452925682068, 0.2583186626434326
58, 9, 0.809871256351471, 0.4744875729084015
58, 8, 0.8574210405349731, 0.35074105858802795
58, 15, 0.8612539172172546, 0.39622563123703003
58, 1, 0.8707064390182495, 0.35490813851356506
58, 7, 0.8336798548698425, 0.4425547420978546
58, 16, 0.8681551218032837, 0.35118281841278076
58, 23, 0.916184663772583, 0.2344314157962799
58, 19, 0.8493268489837646, 0.39755716919898987
58, 10, 0.9115594625473022, 0.24002939462661743
58, 22, 0.841261088848114, 0.4063297510147095
58, 17, 0.8677506446838379, 0.35129183530807495
58, 2, 0.8728867769241333, 0.34665724635124207
59, 11, 0.879837691783905, 0.3343975841999054
59, 23, 0.9156455397605896, 0.2364412546157837
59, 5, 0.8763246536254883, 0.3469831645488739
59, 0, 0.8778711557388306, 0.3350496292114258
59, 13, 0.9121467471122742, 0.2554425597190857
59, 12, 0.87516188621521, 0.3518277704715729
59, 8, 0.8573334813117981, 0.35255616903305054
59, 4, 0.8595849275588989, 0.3816118538379669
59, 3, 0.8319361209869385, 0.44956105947494507
59, 6, 0.8620766997337341, 0.35823750495910645
59, 20, 0.8437210917472839, 0.41990500688552856
59, 17, 0.868785560131073, 0.34762123227119446
59, 10, 0.9122551679611206, 0.2379416674375534
59, 18, 0.8793933391571045, 0.3393833637237549
60, 17, 0.8693627119064331, 0.3469599485397339
60, 7, 0.8338239192962646, 0.44463056325912476
60, 19, 0.8509813547134399, 0.392412930727005
60, 23, 0.9159396290779114, 0.23394614458084106
60, 16, 0.8696855902671814, 0.3482365012168884
60, 22, 0.8408945202827454, 0.40417855978012085
60, 13, 0.9118590950965881, 0.2560923993587494
60, 9, 0.8111255168914795, 0.4714296758174896
60, 10, 0.9128454923629761, 0.2349565625190735
60, 14, 0.8769609332084656, 0.3406895697116852
60, 15, 0.863451361656189, 0.39307576417922974
60, 2, 0.875944197177887, 0.34314200282096863
60, 1, 0.8738946318626404, 0.3490917980670929
60, 8, 0.8593025207519531, 0.34862929582595825
61, 23, 0.9168463945388794, 0.231222465634346
61, 12, 0.8759928345680237, 0.3473818600177765
61, 11, 0.880025327205658, 0.33241018652915955
61, 3, 0.8335191011428833, 0.4479879140853882
61, 13, 0.9100444912910461, 0.2580892741680145
61, 4, 0.8608999252319336, 0.3799503445625305
61, 8, 0.8591493964195251, 0.3491177558898926
61, 0, 0.8795562386512756, 0.3308480381965637
61, 10, 0.9103156328201294, 0.2390727400779724
61, 6, 0.864932656288147, 0.3511306643486023
61, 17, 0.8697607517242432, 0.34727683663368225
61, 5, 0.8770442008972168, 0.33976227045059204
61, 20, 0.8475292325019836, 0.4134673476219177
61, 18, 0.881269633769989, 0.3351382911205292
62, 23, 0.915473997592926, 0.23227456212043762
62, 22, 0.8453853726387024, 0.40042543411254883
62, 9, 0.8137385845184326, 0.467290997505188
62, 17, 0.8688651919364929, 0.34802964329719543
62, 10, 0.9125081896781921, 0.23494595289230347
62, 13, 0.9116156697273254, 0.25557848811149597
62, 14, 0.875636100769043, 0.337079793214798
62, 2, 0.8759641647338867, 0.3398887515068054
62, 8, 0.8589524626731873, 0.3480202257633209
62, 19, 0.8514800071716309, 0.3909910023212433
62, 16, 0.8695955276489258, 0.3446435034275055
62, 15, 0.8622475266456604, 0.3922288119792938
62, 1, 0.8765414953231812, 0.34438639879226685
62, 7, 0.8349766135215759, 0.43996065855026245
63, 3, 0.83389812707901, 0.44446220993995667
63, 23, 0.9170424342155457, 0.23210476338863373
63, 12, 0.8750641345977783, 0.3464425504207611
63, 6, 0.8674418330192566, 0.3481265902519226
63, 0, 0.8805191516876221, 0.3302403688430786
63, 4, 0.8647252917289734, 0.37095344066619873
63, 8, 0.8587555885314941, 0.3460083305835724
63, 13, 0.9115935564041138, 0.2548900842666626
63, 5, 0.8816667199134827, 0.33336061239242554
63, 18, 0.8809569478034973, 0.33142179250717163
63, 11, 0.8831918239593506, 0.3280857503414154
63, 10, 0.9117913842201233, 0.23602871596813202
63, 17, 0.868745744228363, 0.34471073746681213
63, 20, 0.8471847176551819, 0.4157159924507141
64, 13, 0.9136958122253418, 0.25016796588897705
64, 22, 0.8457978367805481, 0.396883100271225
64, 9, 0.8146374821662903, 0.46295300126075745
64, 10, 0.9121497869491577, 0.23601485788822174
64, 19, 0.8536557555198669, 0.38602590560913086
64, 8, 0.8603745698928833, 0.3434220850467682
64, 1, 0.8763409852981567, 0.3413676917552948
64, 16, 0.8712385296821594, 0.34438884258270264
64, 2, 0.8770433068275452, 0.33901292085647583
64, 7, 0.8344414234161377, 0.4397929906845093
64, 17, 0.8701786994934082, 0.3437933325767517
64, 23, 0.9169444441795349, 0.23085491359233856
64, 15, 0.8621329069137573, 0.3911556601524353
64, 14, 0.8780964612960815, 0.33301660418510437
65, 4, 0.8631951212882996, 0.37702062726020813
65, 8, 0.8612715601921082, 0.34374311566352844
65, 6, 0.8661158680915833, 0.34969833493232727
65, 5, 0.8810998201370239, 0.3357802927494049
65, 11, 0.8836609125137329, 0.32667872309684753
65, 17, 0.8702583312988281, 0.341968834400177
65, 23, 0.9168708920478821, 0.22791911661624908
65, 3, 0.8367297053337097, 0.44291219115257263
65, 10, 0.9143844842910767, 0.23108746111392975
65, 12, 0.8776547908782959, 0.3426515758037567
65, 13, 0.9138949513435364, 0.2504666745662689
65, 0, 0.8802984952926636, 0.32816967368125916
65, 18, 0.8833370804786682, 0.33105653524398804
65, 20, 0.8508114814758301, 0.40825918316841125
66, 22, 0.8476766347885132, 0.3924061954021454
66, 16, 0.8729040622711182, 0.34074145555496216
66, 7, 0.8358617424964905, 0.43657350540161133
66, 23, 0.9186109304428101, 0.22792808711528778
66, 19, 0.8538824319839478, 0.38449621200561523
66, 17, 0.8733431696891785, 0.33848652243614197
66, 2, 0.8779625296592712, 0.3363620340824127
66, 9, 0.8122334480285645, 0.46631667017936707
66, 14, 0.8788534998893738, 0.3333680331707001
66, 10, 0.9141104221343994, 0.2327510267496109
66, 8, 0.860440194606781, 0.34441229701042175
66, 13, 0.913120448589325, 0.25005051493644714
66, 15, 0.8647316098213196, 0.3826175332069397
66, 1, 0.8760802745819092, 0.3409172296524048
67, 8, 0.8599151372909546, 0.343505322933197
67, 12, 0.880905270576477, 0.33771562576293945
67, 23, 0.9178021550178528, 0.22741585969924927
67, 11, 0.8842942118644714, 0.3216273784637451
67, 20, 0.8515368700027466, 0.4063590168952942
67, 6, 0.8696246147155762, 0.34111133217811584
67, 5, 0.8814923167228699, 0.33320850133895874
67, 13, 0.9158423542976379, 0.24882297217845917
67, 3, 0.8370641469955444, 0.44254258275032043
67, 0, 0.8811811804771423, 0.3243173360824585
67, 10, 0.9138363599777222, 0.23136578500270844
67, 18, 0.884379506111145, 0.32795435190200806
67, 17, 0.8710345029830933, 0.34096452593803406
67, 4, 0.8636972308158875, 0.36959704756736755
68, 23, 0.9186844229698181, 0.22530539333820343
68, 14, 0.8786432147026062, 0.33218878507614136
68, 15, 0.8661647439002991, 0.38326215744018555
68, 9, 0.8151183128356934, 0.458122581243515
68, 1, 0.8793286681175232, 0.33746248483657837
68, 10, 0.9152910709381104, 0.22923612594604492
68, 22, 0.85063236951828, 0.3884830176830292
68, 19, 0.8554009199142456, 0.3808611333370209
68, 8, 0.8599807620048523, 0.34372609853744507
68, 2, 0.881079912185669, 0.3301764130592346
68, 13, 0.9141383767127991, 0.2491547167301178
68, 16, 0.8750196695327759, 0.3357781171798706
68, 7, 0.8358823657035828, 0.43647611141204834
68, 17, 0.8726266622543335, 0.33588260412216187
69, 23, 0.9191991090774536, 0.22425901889801025
69, 5, 0.8825607299804688, 0.3286668062210083
69, 11, 0.887648344039917, 0.3175543248653412
69, 0, 0.8834279775619507, 0.32030943036079407
69, 10, 0.9136887788772583, 0.2299281805753708
69, 12, 0.8774347901344299, 0.34471002221107483
69, 6, 0.8679518699645996, 0.3461684584617615
69, 13, 0.9157095551490784, 0.2467077225446701
69, 4, 0.8638646006584167, 0.3716040551662445
69, 3, 0.8373762369155884, 0.4384264051914215
69, 8, 0.8614684343338013, 0.34207069873809814
69, 20, 0.8518995642662048, 0.4069775342941284
69, 17, 0.8760697245597839, 0.3335556387901306
69, 18, 0.8850049376487732, 0.3242337107658386
70, 23, 0.9184393882751465, 0.22597606480121613
70, 19, 0.8571234345436096, 0.3775842785835266
70, 16, 0.8752222657203674, 0.33445674180984497
70, 10, 0.9152067303657532, 0.2287430614233017
70, 8, 0.8616872429847717, 0.3400411307811737
70, 1, 0.8790880441665649, 0.3352307975292206
70, 9, 0.8131114840507507, 0.4688519835472107
70, 2, 0.8809799551963806, 0.3270704746246338
70, 13, 0.9146695137023926, 0.24728721380233765
70, 7, 0.8360058665275574, 0.43694236874580383
70, 14, 0.880388617515564, 0.3284091651439667
70, 17, 0.8731640577316284, 0.334052175283432
70, 22, 0.8501741290092468, 0.3873313069343567
70, 15, 0.8662029504776001, 0.3828529119491577
71, 4, 0.8642710447311401, 0.37171950936317444
71, 8, 0.8632186651229858, 0.3395857512950897
71, 12, 0.880172073841095, 0.33934617042541504
71, 0, 0.8832674622535706, 0.32044291496276855
71, 3, 0.8381119966506958, 0.4352068603038788
71, 5, 0.8819501996040344, 0.3281632363796234
71, 17, 0.8750547170639038, 0.33580780029296875
71, 6, 0.8732150197029114, 0.33727627992630005
71, 23, 0.9196402430534363, 0.2247028350830078
71, 18, 0.8848833441734314, 0.32697755098342896
71, 13, 0.9143818020820618, 0.24685850739479065
71, 10, 0.9158391952514648, 0.22846662998199463
71, 20, 0.8554356694221497, 0.3972736597061157
71, 11, 0.887578010559082, 0.31651392579078674
72, 16, 0.8747271299362183, 0.33462077379226685
72, 9, 0.815640926361084, 0.4636326730251312
72, 10, 0.9152910709381104, 0.22780559957027435
72, 17, 0.8744377493858337, 0.332972913980484
72, 14, 0.8799680471420288, 0.3293904960155487
72, 1, 0.8809528350830078, 0.3318241536617279
72, 23, 0.920571506023407, 0.22261156141757965
72, 8, 0.8626061081886292, 0.3398447632789612
72, 22, 0.8511135578155518, 0.3889235556125641
72, 7, 0.8388670682907104, 0.4314189553260803
72, 13, 0.9148465394973755, 0.2473500818014145
72, 2, 0.8834778666496277, 0.3248404860496521
72, 15, 0.8673494458198547, 0.380652517080307
72, 19, 0.8550382852554321, 0.3832088112831116
73, 23, 0.9204489588737488, 0.22309371829032898
73, 12, 0.881687343120575, 0.3352699875831604
73, 13, 0.915444016456604, 0.2431427389383316
73, 10, 0.9159656763076782, 0.22456258535385132
73, 5, 0.8846103549003601, 0.3246820867061615
73, 17, 0.8765473961830139, 0.3302818536758423
73, 3, 0.8378890752792358, 0.43458032608032227
73, 0, 0.8837288618087769, 0.317698210477829
73, 6, 0.8718278408050537, 0.33866435289382935
73, 4, 0.8635537624359131, 0.36857369542121887
73, 20, 0.8585909605026245, 0.3938528299331665
73, 11, 0.8875545263290405, 0.31628191471099854
73, 18, 0.8859952688217163, 0.32233715057373047
73, 8, 0.8627811074256897, 0.3370341956615448
74, 8, 0.8627811074256897, 0.33696383237838745
74, 19, 0.8577580451965332, 0.37701740860939026
74, 1, 0.8813338279724121, 0.33286234736442566
74, 10, 0.9160078167915344, 0.22706541419029236
74, 23, 0.9200568795204163, 0.22158347070217133
74, 13, 0.9161078929901123, 0.24252697825431824
74, 14, 0.8786432147026062, 0.3303089141845703
74, 16, 0.8753347992897034, 0.3333840072154999
74, 15, 0.8662029504776001, 0.3796534240245819
74, 2, 0.8839974403381348, 0.3252970278263092
74, 17, 0.8768458962440491, 0.3274630308151245
74, 7, 0.8388464450836182, 0.43203863501548767
74, 9, 0.814052164554596, 0.4680804908275604
74, 22, 0.8513426780700684, 0.3862088620662689
75, 23, 0.9208166003227234, 0.22085708379745483
75, 13, 0.9152669906616211, 0.24368427693843842
75, 5, 0.8840434551239014, 0.3249979019165039
75, 4, 0.8665662407875061, 0.36438852548599243
75, 11, 0.8882347345352173, 0.31427571177482605
75, 12, 0.8846689462661743, 0.3280569911003113
75, 0, 0.8847519755363464, 0.3188134729862213
75, 10, 0.9176101088523865, 0.22362379729747772
75, 17, 0.8775225877761841, 0.32751309871673584
75, 20, 0.8576661348342896, 0.39275071024894714
75, 3, 0.839070737361908, 0.4326472282409668
75, 6, 0.8723582029342651, 0.33693936467170715
75, 8, 0.8616653680801392, 0.33832764625549316
75, 18, 0.8861168622970581, 0.32265543937683105
76, 19, 0.8581886291503906, 0.37492629885673523
76, 13, 0.9175905585289001, 0.24276435375213623
76, 9, 0.8154528141021729, 0.46221840381622314
76, 22, 0.8559023141860962, 0.3763718605041504
76, 7, 0.8383318781852722, 0.42966708540916443
76, 1, 0.8819153308868408, 0.3330692648887634
76, 15, 0.8697189092636108, 0.3745719790458679
76, 23, 0.9204489588737488, 0.21965160965919495
76, 8, 0.8641594648361206, 0.33379849791526794
76, 16, 0.8783282041549683, 0.33058956265449524
76, 10, 0.9140682816505432, 0.22679482400417328
76, 14, 0.8794843554496765, 0.32704994082450867
76, 17, 0.877562403678894, 0.32758238911628723
76, 2, 0.8858159184455872, 0.3214738368988037
77, 5, 0.8855697512626648, 0.3233749568462372
77, 23, 0.9208410978317261, 0.21980687975883484
77, 12, 0.8822738528251648, 0.33022668957710266
77, 13, 0.91697096824646, 0.23845966160297394
77, 6, 0.8720930218696594, 0.33580124378204346
77, 9, 0.820595383644104, 0.44793611764907837
77, 8, 0.8640938401222229, 0.3349834978580475
77, 10, 0.9171462655067444, 0.22223293781280518
77, 11, 0.8894779086112976, 0.31152015924453735
77, 3, 0.8408989310264587, 0.43180757761001587
77, 0, 0.8849124312400818, 0.31777384877204895
77, 20, 0.8592075705528259, 0.3873305022716522
77, 17, 0.8782191872596741, 0.3280256986618042
77, 18, 0.8870550394058228, 0.31909167766571045
78, 23, 0.9213802814483643, 0.2176758348941803
78, 19, 0.8586872816085815, 0.37623924016952515
78, 4, 0.8640797734260559, 0.3704126179218292
78, 22, 0.8596370816230774, 0.37520477175712585
78, 13, 0.9173471331596375, 0.2401159107685089
78, 10, 0.9179896116256714, 0.2223982810974121
78, 16, 0.8768202662467957, 0.326924592256546
78, 8, 0.866172194480896, 0.33216392993927
78, 7, 0.8395875096321106, 0.4270476996898651
78, 1, 0.8823965787887573, 0.32870861887931824
78, 14, 0.8804937601089478, 0.3267925977706909
78, 2, 0.8864953517913818, 0.31807389855384827
78, 17, 0.8799108266830444, 0.32074013352394104
78, 15, 0.8709609508514404, 0.3710258901119232
79, 12, 0.8823227286338806, 0.33389607071876526
79, 9, 0.8167279958724976, 0.4598982334136963
79, 8, 0.8646188974380493, 0.33383309841156006
79, 23, 0.9224830865859985, 0.2190743088722229
79, 10, 0.9182636737823486, 0.2210451364517212
79, 3, 0.8406314253807068, 0.42910677194595337
79, 0, 0.8854540586471558, 0.31453680992126465
79, 13, 0.9166832566261292, 0.24049514532089233
79, 18, 0.8892267346382141, 0.31571972370147705
79, 5, 0.8856351375579834, 0.3222133219242096
79, 11, 0.8907444477081299, 0.30688852071762085
79, 17, 0.8799307346343994, 0.3210451006889343
79, 6, 0.8746430277824402, 0.3311496675014496
79, 20, 0.8596609234809875, 0.3848574757575989
80, 16, 0.8790258765220642, 0.3229221999645233
80, 22, 0.8586059808731079, 0.3727491796016693
80, 1, 0.8832187056541443, 0.32459381222724915
80, 14, 0.8813559412956238, 0.32326075434684753
80, 10, 0.9185798764228821, 0.22162207961082458
80, 19, 0.8615656495094299, 0.36957529187202454
80, 17, 0.8786569833755493, 0.32269522547721863
80, 23, 0.9200323224067688, 0.22029198706150055
80, 8, 0.8639187812805176, 0.33332836627960205
80, 2, 0.8876144289970398, 0.3190191090106964
80, 15, 0.8715533018112183, 0.36704736948013306
80, 9, 0.8212224841117859, 0.44310855865478516
80, 7, 0.8381054401397705, 0.43048474192619324
80, 13, 0.9184757471084595, 0.23735132813453674
81, 4, 0.8648926615715027, 0.37037181854248047
81, 5, 0.8865509629249573, 0.3207011818885803
81, 0, 0.8865774869918823, 0.31286484003067017
81, 10, 0.9181160926818848, 0.2206365466117859
81, 13, 0.9176126718521118, 0.23844963312149048
81, 11, 0.8920579552650452, 0.30371928215026855
81, 23, 0.9211106896400452, 0.21758323907852173
81, 3, 0.8411219120025635, 0.4269118309020996
81, 12, 0.884962260723114, 0.32802614569664
81, 8, 0.8665441274642944, 0.3306735157966614
81, 20, 0.8615105748176575, 0.3868308961391449
81, 6, 0.8754794001579285, 0.3300335109233856
81, 18, 0.8906686902046204, 0.3147205114364624
81, 17, 0.8798113465309143, 0.3221155107021332
82, 23, 0.9221889972686768, 0.21757611632347107
82, 16, 0.8795210719108582, 0.32740387320518494
82, 9, 0.8192992806434631, 0.4515664577484131
82, 8, 0.8652752041816711, 0.3297189474105835
82, 19, 0.8608630895614624, 0.37312841415405273
82, 15, 0.87172532081604, 0.36792153120040894
82, 10, 0.9188961386680603, 0.2196016162633896
82, 2, 0.8875744342803955, 0.3136731684207916
82, 13, 0.9183208346366882, 0.23782871663570404
82, 22, 0.8596829175949097, 0.3707341253757477
82, 7, 0.8421193361282349, 0.4225967824459076
82, 14, 0.8825545907020569, 0.32703518867492676
82, 17, 0.8806869983673096, 0.31821689009666443
82, 1, 0.8839806914329529, 0.32535526156425476
83, 11, 0.8920579552650452, 0.3018510639667511
83, 10, 0.918959379196167, 0.22016631066799164
83, 23, 0.9225320816040039, 0.21542158722877502
83, 13, 0.918851912021637, 0.23589056730270386
83, 17, 0.8811248540878296, 0.3173539340496063
83, 0, 0.8882825970649719, 0.30978381633758545
83, 12, 0.8840579986572266, 0.33017539978027344
83, 4, 0.8631473183631897, 0.37286868691444397
83, 18, 0.8906686902046204, 0.310981422662735
83, 3, 0.8438196778297424, 0.4234679043292999
83, 5, 0.8875539898872375, 0.31855323910713196
83, 6, 0.8761730194091797, 0.33157455921173096
83, 20, 0.8610753417015076, 0.38595786690711975
83, 8, 0.864531397819519, 0.3328825831413269
84, 19, 0.8595258593559265, 0.3722371459007263
84, 7, 0.842222273349762, 0.4240514934062958
84, 8, 0.8657784461975098, 0.33260828256607056
84, 23, 0.9224340915679932, 0.2156853973865509
84, 13, 0.9186084866523743, 0.23592612147331238
84, 16, 0.8793635368347168, 0.3219854235649109
84, 17, 0.8802093863487244, 0.3180224895477295
84, 9, 0.8197173476219177, 0.4571422338485718
84, 2, 0.8908716440200806, 0.30802470445632935
84, 1, 0.8850433826446533, 0.3244381248950958
84, 15, 0.8704450130462646, 0.3704514801502228
84, 22, 0.8592246174812317, 0.3696563243865967
84, 14, 0.8836060166358948, 0.3179529011249542
84, 10, 0.9178420305252075, 0.2182488888502121
85, 23, 0.922385036945343, 0.21537531912326813
85, 9, 0.8233339190483093, 0.44011929631233215
85, 12, 0.8846933841705322, 0.32631370425224304
85, 8, 0.8676161766052246, 0.32788312435150146
85, 17, 0.8802492022514343, 0.31930896639823914
85, 5, 0.8864855170249939, 0.31720924377441406
85, 11, 0.8932307362556458, 0.30113792419433594
85, 10, 0.9180738925933838, 0.21766960620880127
85, 20, 0.864575207233429, 0.3791578710079193
85, 18, 0.8903212547302246, 0.3100528419017792
85, 13, 0.9183650612831116, 0.23681725561618805
85, 6, 0.8774377703666687, 0.3277076780796051
85, 3, 0.842994749546051, 0.4228239953517914
85, 0, 0.8881421685218811, 0.30588358640670776
86, 23, 0.9219929575920105, 0.21511170268058777
86, 8, 0.8657127618789673, 0.32989612221717834
86, 4, 0.8622866272926331, 0.37112560868263245
86, 13, 0.9200026392936707, 0.23289285600185394
86, 16, 0.8815916776657104, 0.31952691078186035
86, 2, 0.891950786113739, 0.3072947859764099
86, 14, 0.8853724002838135, 0.3169909119606018
86, 15, 0.8725087642669678, 0.36342158913612366
86, 19, 0.8619736433029175, 0.3674454689025879
86, 1, 0.8862866163253784, 0.3192758858203888
86, 22, 0.8600723743438721, 0.3690180480480194
86, 10, 0.9203086495399475, 0.2156132310628891
86, 17, 0.8848863840103149, 0.3110836148262024
86, 7, 0.8415223956108093, 0.4267248511314392
87, 6, 0.8781313896179199, 0.3244253695011139
87, 11, 0.8941924571990967, 0.30021384358406067
87, 23, 0.9224585890769958, 0.21543365716934204
87, 3, 0.8426826000213623, 0.4216427206993103
87, 12, 0.8861109018325806, 0.32278814911842346
87, 10, 0.9201610684394836, 0.21884040534496307
87, 9, 0.8210552930831909, 0.44879984855651855
87, 5, 0.8903449773788452, 0.31352025270462036
87, 8, 0.8667848110198975, 0.3284459710121155
87, 20, 0.8655181527137756, 0.37366753816604614
87, 17, 0.8816224336624146, 0.3146975636482239
87, 13, 0.9205116033554077, 0.2326073795557022
87, 0, 0.8889646530151367, 0.305160790681839
87, 18, 0.8897305130958557, 0.3116907477378845
88, 10, 0.9204562306404114, 0.2148865908384323
88, 14, 0.8830171823501587, 0.3178347945213318
88, 7, 0.8432926535606384, 0.4201705753803253
88, 22, 0.8640363216400146, 0.36351096630096436
88, 13, 0.9199141263961792, 0.23211129009723663
88, 23, 0.9227526783943176, 0.21275846660137177
88, 19, 0.8649200201034546, 0.3641319274902344
88, 9, 0.8231457471847534, 0.43747395277023315
88, 1, 0.8870084881782532, 0.3153536021709442
88, 16, 0.881546676158905, 0.32181593775749207
88, 15, 0.8736552596092224, 0.3634593188762665
88, 17, 0.8808064460754395, 0.3158235549926758
88, 8, 0.8665222525596619, 0.32863548398017883
88, 2, 0.8928700089454651, 0.30476096272468567
89, 13, 0.9202903509140015, 0.23183749616146088
89, 11, 0.8931604027748108, 0.3038248121738434
89, 4, 0.8643666505813599, 0.3651870787143707
89, 12, 0.8875528573989868, 0.3220863938331604
89, 8, 0.8668285608291626, 0.32745814323425293
89, 3, 0.842905580997467, 0.4218895733356476
89, 17, 0.88434898853302, 0.31118476390838623
89, 5, 0.8882952928543091, 0.3159174919128418
89, 23, 0.9216988682746887, 0.21168607473373413
89, 10, 0.9188328981399536, 0.217536062002182
89, 0, 0.891412079334259, 0.30262845754623413
89, 20, 0.8636685013771057, 0.3770688772201538
89, 6, 0.87911057472229, 0.32237136363983154
89, 18, 0.8913983702659607, 0.3099870979785919
90, 23, 0.922997772693634, 0.2130587249994278
90, 7, 0.8447540998458862, 0.41764020919799805
90, 22, 0.8634405732154846, 0.36431044340133667
90, 19, 0.8626309037208557, 0.36552292108535767
90, 16, 0.8800612092018127, 0.31757497787475586
90, 17, 0.8849062323570251, 0.3088414669036865
90, 13, 0.9205780029296875, 0.23191791772842407
90, 14, 0.8840476274490356, 0.3174799382686615
90, 9, 0.823020339012146, 0.44594806432724
90, 2, 0.8928499817848206, 0.30155929923057556
90, 1, 0.887048602104187, 0.3155505359172821
90, 15, 0.8732539415359497, 0.36367908120155334
90, 8, 0.8665003776550293, 0.3267518877983093
90, 10, 0.9203718900680542, 0.21364767849445343
91, 23, 0.9231693148612976, 0.21157310903072357
91, 12, 0.8870884776115417, 0.31980448961257935
91, 11, 0.8930431008338928, 0.29905855655670166
91, 6, 0.8780701756477356, 0.3230305314064026
91, 13, 0.9216845035552979, 0.22940820455551147
91, 4, 0.8675704002380371, 0.36171963810920715
91, 0, 0.8909707069396973, 0.3012925982475281
91, 17, 0.8861998915672302, 0.3064662218093872
91, 20, 0.8646658658981323, 0.3772468566894531
91, 18, 0.8923887014389038, 0.3059614300727844
91, 5, 0.8897126317024231, 0.31074464321136475
91, 3, 0.8444439768791199, 0.4188879132270813
91, 8, 0.8676818013191223, 0.3252650201320648
91, 10, 0.9212362766265869, 0.21292977035045624
92, 13, 0.9212197661399841, 0.22957032918930054
92, 2, 0.8936293721199036, 0.3021719455718994
92, 16, 0.8843374848365784, 0.314596027135849
92, 23, 0.9251788854598999, 0.20702756941318512
92, 19, 0.8639000654220581, 0.36613425612449646
92, 14, 0.8841317296028137, 0.3171323835849762
92, 1, 0.8879508972167969, 0.31458786129951477
92, 9, 0.8223722577095032, 0.4474942684173584
92, 22, 0.8622491359710693, 0.36524322628974915
92, 7, 0.8441983461380005, 0.4180472195148468
92, 8, 0.8677036762237549, 0.3242684602737427
92, 15, 0.8728526830673218, 0.36297667026519775
92, 17, 0.88438880443573, 0.30875474214553833
92, 10, 0.9207724332809448, 0.21362195909023285
93, 12, 0.8858665227890015, 0.32682088017463684
93, 13, 0.9209321141242981, 0.2306751310825348
93, 3, 0.845670223236084, 0.4178917706012726
93, 8, 0.8676161766052246, 0.327155739068985
93, 23, 0.9244681596755981, 0.21155264973640442
93, 17, 0.8859610557556152, 0.30652135610580444
93, 4, 0.8699134588241577, 0.35135000944137573
93, 5, 0.8916749954223633, 0.3091096580028534
93, 20, 0.8648653626441956, 0.37831026315689087
93, 0, 0.8903689384460449, 0.3031791150569916
93, 6, 0.8794165849685669, 0.32075244188308716
93, 10, 0.9201399683952332, 0.21423837542533875
93, 11, 0.8949899077415466, 0.29727408289909363
93, 18, 0.8921454548835754, 0.3040041923522949
94, 16, 0.8830096125602722, 0.31519415974617004
94, 22, 0.8627073764801025, 0.364359587430954
94, 23, 0.9235613942146301, 0.21030975878238678
94, 1, 0.8897154927253723, 0.3099146783351898
94, 19, 0.8663932085037231, 0.3621140718460083
94, 9, 0.823668360710144, 0.44456157088279724
94, 2, 0.8934095501899719, 0.30234766006469727
94, 14, 0.8857719898223877, 0.31487879157066345
94, 7, 0.844507098197937, 0.41724368929862976
94, 8, 0.8662816286087036, 0.3263769745826721
94, 15, 0.8727380633354187, 0.36153149604797363
94, 17, 0.8855232000350952, 0.3094276487827301
94, 13, 0.9219721555709839, 0.2270767241716385
94, 10, 0.9225012063980103, 0.21132789552211761
95, 3, 0.8437973856925964, 0.4212509095668793
95, 8, 0.8677693009376526, 0.325685054063797
95, 4, 0.8687180280685425, 0.35346224904060364
95, 23, 0.9238800406455994, 0.2091655433177948
95, 10, 0.9204562306404114, 0.21401120722293854
95, 13, 0.9214189052581787, 0.2274724841117859
95, 6, 0.8811913728713989, 0.3186519145965576
95, 5, 0.8920674920082092, 0.3096630871295929
95, 17, 0.8851052522659302, 0.3080807328224182
95, 20, 0.867440402507782, 0.3705504834651947
95, 18, 0.8933789730072021, 0.30213770270347595
95, 12, 0.888261616230011, 0.3152173161506653
95, 11, 0.8963268995285034, 0.293084055185318
95, 0, 0.8917330503463745, 0.2993085980415344
96, 19, 0.8654186129570007, 0.36400875449180603
96, 8, 0.8692570328712463, 0.32224276661872864
96, 9, 0.8240864872932434, 0.44553664326667786
96, 17, 0.885244607925415, 0.30629274249076843
96, 7, 0.8454127907752991, 0.41383248567581177
96, 2, 0.8959473967552185, 0.2996900975704193
96, 22, 0.8634864091873169, 0.36499181389808655
96, 13, 0.9227909445762634, 0.22563862800598145
96, 1, 0.8907982707023621, 0.3106357455253601
96, 14, 0.8861715197563171, 0.3151410222053528
96, 23, 0.9249828457832336, 0.2079806923866272
96, 10, 0.920856773853302, 0.21224650740623474
96, 16, 0.8819292783737183, 0.3157120943069458
96, 15, 0.8764259815216064, 0.354950875043869
97, 8, 0.8683600425720215, 0.3233576714992523
97, 3, 0.8437082171440125, 0.4173584580421448
97, 12, 0.8883593678474426, 0.3180526793003082
97, 19, 0.8693848848342896, 0.35370439291000366
97, 11, 0.8949899077415466, 0.2954459488391876
97, 13, 0.9225032925605774, 0.22569142282009125
97, 4, 0.8698417544364929, 0.3578495383262634
97, 6, 0.8810689449310303, 0.3190820813179016
97, 5, 0.8908028602600098, 0.3075067102909088
97, 17, 0.8859809637069702, 0.3042038083076477
97, 20, 0.8671502470970154, 0.3686697483062744
97, 18, 0.8946298360824585, 0.30065515637397766
97, 23, 0.9245662093162537, 0.2091711312532425
97, 10, 0.9218055009841919, 0.21079544723033905
98, 16, 0.8838873505592346, 0.3119797706604004
98, 7, 0.8437249064445496, 0.4145117402076721
98, 23, 0.9243946671485901, 0.21001634001731873
98, 14, 0.8877907395362854, 0.31058013439178467
98, 15, 0.8759864568710327, 0.35762307047843933
98, 22, 0.8670149445533752, 0.35572174191474915
98, 2, 0.8967467546463013, 0.29613828659057617
98, 10, 0.9204562306404114, 0.21346363425254822
98, 9, 0.822079598903656, 0.446205198764801
98, 17, 0.8873144388198853, 0.30357468128204346
98, 8, 0.8699352145195007, 0.32104411721229553
98, 0, 0.8896467089653015, 0.3044184744358063
98, 1, 0.8891740441322327, 0.3103654384613037
98, 13, 0.9212418794631958, 0.226160928606987
99, 4, 0.8696982860565186, 0.35605180263519287
99, 11, 0.8965848684310913, 0.2916610538959503
99, 23, 0.92522794008255, 0.2072628289461136
99, 13, 0.9223262071609497, 0.22748617827892303
99, 10, 0.9211940765380859, 0.21052458882331848
99, 19, 0.8674584031105042, 0.35779333114624023
99, 3, 0.8440203070640564, 0.4169745445251465
99, 5, 0.8924599885940552, 0.30391207337379456
99, 6, 0.8821297287940979, 0.3165203034877777
99, 12, 0.8890436887741089, 0.31965869665145874
99, 20, 0.8688185811042786, 0.36447176337242126
99, 18, 0.8975138664245605, 0.2967202067375183
99, 8, 0.8681849837303162, 0.3222087323665619
99, 17, 0.8869561553001404, 0.3014680743217468
100, 23, 0.9250808954238892, 0.20675398409366608
100, 22, 0.8651819229125977, 0.3564799427986145
100, 7, 0.8479241132736206, 0.4093296229839325
100, 9, 0.8263232707977295, 0.4414864778518677
100, 14, 0.8847415447235107, 0.3136768937110901
100, 16, 0.8844950795173645, 0.310840368270874
100, 1, 0.8909787535667419, 0.3061569035053253
100, 15, 0.8747062087059021, 0.3541235029697418
100, 10, 0.9212362766265869, 0.21134337782859802
100, 2, 0.8948882818222046, 0.29826733469963074
100, 13, 0.9226803183555603, 0.2247147262096405
100, 0, 0.8912315368652344, 0.30285000801086426
100, 17, 0.8863391876220703, 0.3052601218223572
100, 8, 0.8692570328712463, 0.32017141580581665
